"TimeUTC","timestampInMs","requestPath","requestMethod","requestQueryString","responseStatusCode","requestId","requestUserAgent","level","environment","branch","vercelCache","type","function","host","deploymentDomain","deploymentId","durationMs","region","maxMemoryUsed","memorySize","message","projectId","traceId","sessionId","invocationId","instanceId"
"2025-07-09 14:24:25",1752071065218,"fini-tn.vercel.app/api/stores/auto-sync-scheduler","POST","",200,"4rm4z-1752071065156-2b623ec8ec82","Mozilla/5.0 (Macintosh; Intel Mac OS X 10_15_7) AppleWebKit/537.36 (KHTML, like Gecko) Chrome/137.0.0.0 Safari/537.36","info","production","main","MISS","lambda","/api/stores/auto-sync-scheduler","fini-tn.vercel.app","fini-tn.vercel.app","dpl_8DDpLa7pKcnQ48Pryerc5N3kdnpq",48,"iad1",84,2048,"","prj_8i22mimp6RO1WTRkdRfuqTTiWDzD","","","01JZQS5KK1ECA80TRY7XGCJFC2","Xfky5md4l4AP"
"2025-07-09 14:24:25",1752071065194,"fini-tn.vercel.app/api/stores/auto-sync-scheduler","POST","",200,"vljwk-1752071065134-c664362a737a","Mozilla/5.0 (Macintosh; Intel Mac OS X 10_15_7) AppleWebKit/537.36 (KHTML, like Gecko) Chrome/137.0.0.0 Safari/537.36","info","production","main","MISS","lambda","/api/stores/auto-sync-scheduler","fini-tn.vercel.app","fini-tn.vercel.app","dpl_8DDpLa7pKcnQ48Pryerc5N3kdnpq",75,"iad1",133,2048,"","prj_8i22mimp6RO1WTRkdRfuqTTiWDzD","","","01JZQS5KKA2MGMGQEEW2V5J398","zTVwxsI2bqQ0"
"2025-07-09 14:24:25",1752071065184,"fini-tn.vercel.app/api/stores/auto-sync-scheduler","POST","",200,"xrb4d-1752071065125-ef8115082d35","Mozilla/5.0 (Macintosh; Intel Mac OS X 10_15_7) AppleWebKit/537.36 (KHTML, like Gecko) Chrome/137.0.0.0 Safari/537.36","info","production","main","MISS","lambda","/api/stores/auto-sync-scheduler","fini-tn.vercel.app","fini-tn.vercel.app","dpl_8DDpLa7pKcnQ48Pryerc5N3kdnpq",67,"iad1",84,2048,"","prj_8i22mimp6RO1WTRkdRfuqTTiWDzD","","","01JZQS5KK1ECA80TRY7XGCJFC2","Xfky5md4l4AP"
"2025-07-09 14:24:24",1752071064906,"fini-tn.vercel.app/api/user/ensure-profile","POST","",200,"xrb4d-1752071064842-6a8f5075a7ff","Mozilla/5.0 (Macintosh; Intel Mac OS X 10_15_7) AppleWebKit/537.36 (KHTML, like Gecko) Chrome/137.0.0.0 Safari/537.36","info","production","main","MISS","lambda","/api/user/ensure-profile","fini-tn.vercel.app","fini-tn.vercel.app","dpl_8DDpLa7pKcnQ48Pryerc5N3kdnpq",120,"iad1",84,2048,"","prj_8i22mimp6RO1WTRkdRfuqTTiWDzD","","","01JZQS5K9FK2VDV6EDY0NQKMPJ","Xfky5md4l4AP"
"2025-07-09 14:24:24",1752071064904,"fini-tn.vercel.app/api/dashboard/stats","GET","",-1,"vljwk-1752071064814-b8e79f74374e","Mozilla/5.0 (Macintosh; Intel Mac OS X 10_15_7) AppleWebKit/537.36 (KHTML, like Gecko) Chrome/137.0.0.0 Safari/537.36","warning","production","main","MISS","lambda","/api/dashboard/stats","fini-tn.vercel.app","fini-tn.vercel.app","dpl_8DDpLa7pKcnQ48Pryerc5N3kdnpq",-1,"iad1",-1,-1,"Using the user object as returned from supabase.auth.getSession() or from some supabase.auth.onAuthStateChange() events could be insecure! This value comes directly from the storage medium (usually cookies on the server) and may not be authentic. Use supabase.auth.getUser() instead which authenticates the data by contacting the Supabase Auth server.","prj_8i22mimp6RO1WTRkdRfuqTTiWDzD","","","01JZQS5K9DWX4C25N3ASCHYP2V",""
"2025-07-09 14:24:24",1752071064901,"fini-tn.vercel.app/api/user/ensure-profile","POST","",200,"6rq82-1752071064817-12c3d7d06e0d","Mozilla/5.0 (Macintosh; Intel Mac OS X 10_15_7) AppleWebKit/537.36 (KHTML, like Gecko) Chrome/137.0.0.0 Safari/537.36","info","production","main","MISS","lambda","/api/user/ensure-profile","fini-tn.vercel.app","fini-tn.vercel.app","dpl_8DDpLa7pKcnQ48Pryerc5N3kdnpq",129,"iad1",87,2048,"","prj_8i22mimp6RO1WTRkdRfuqTTiWDzD","","","01JZQS5K9BNAAY3Z77WFGMGFST","zTVwxsI2bqQ0"
"2025-07-09 14:24:24",1752071064879,"fini-tn.vercel.app/api/stores","GET","",200,"4rm4z-1752071064814-067b8fc65401","Mozilla/5.0 (Macintosh; Intel Mac OS X 10_15_7) AppleWebKit/537.36 (KHTML, like Gecko) Chrome/137.0.0.0 Safari/537.36","info","production","main","MISS","lambda","/api/stores","fini-tn.vercel.app","fini-tn.vercel.app","dpl_8DDpLa7pKcnQ48Pryerc5N3kdnpq",196,"iad1",84,2048,"","prj_8i22mimp6RO1WTRkdRfuqTTiWDzD","","","01JZQS5K9FK2VDV6EDY0NQKMPJ","Xfky5md4l4AP"
"2025-07-09 14:24:24",1752071064877,"fini-tn.vercel.app/api/dashboard/stats","GET","",200,"vljwk-1752071064814-b8e79f74374e","Mozilla/5.0 (Macintosh; Intel Mac OS X 10_15_7) AppleWebKit/537.36 (KHTML, like Gecko) Chrome/137.0.0.0 Safari/537.36","info","production","main","MISS","lambda","/api/dashboard/stats","fini-tn.vercel.app","fini-tn.vercel.app","dpl_8DDpLa7pKcnQ48Pryerc5N3kdnpq",114,"iad1",135,2048,"","prj_8i22mimp6RO1WTRkdRfuqTTiWDzD","","","01JZQS5K9DWX4C25N3ASCHYP2V","mmF5SFfCink8"
"2025-07-09 14:24:24",1752071064875,"fini-tn.vercel.app/api/user/ensure-profile","POST","",200,"xrb4d-1752071064814-c42f9685f3de","Mozilla/5.0 (Macintosh; Intel Mac OS X 10_15_7) AppleWebKit/537.36 (KHTML, like Gecko) Chrome/137.0.0.0 Safari/537.36","info","production","main","MISS","lambda","/api/user/ensure-profile","fini-tn.vercel.app","fini-tn.vercel.app","dpl_8DDpLa7pKcnQ48Pryerc5N3kdnpq",172,"iad1",87,2048,"","prj_8i22mimp6RO1WTRkdRfuqTTiWDzD","","","01JZQS5K9BNAAY3Z77WFGMGFST","zTVwxsI2bqQ0"
"2025-07-09 14:24:15",1752071055437,"fini-tn.vercel.app/api/stores/auto-sync-scheduler","POST","",200,"rd7vf-1752071055377-d1ac2ef86c8d","Mozilla/5.0 (Macintosh; Intel Mac OS X 10_15_7) AppleWebKit/537.36 (KHTML, like Gecko) Chrome/137.0.0.0 Safari/537.36","info","production","main","MISS","lambda","/api/stores/auto-sync-scheduler","fini-tn.vercel.app","fini-tn.vercel.app","dpl_8DDpLa7pKcnQ48Pryerc5N3kdnpq",118,"iad1",133,2048,"","prj_8i22mimp6RO1WTRkdRfuqTTiWDzD","","","01JZQS5A2D79KMWS2F9VPDWD0Y","zTVwxsI2bqQ0"
"2025-07-09 14:24:14",1752071054914,"fini-tn.vercel.app/api/user/ensure-profile","POST","",-1,"d6qfv-1752071054329-4e650624fb00","Mozilla/5.0 (Macintosh; Intel Mac OS X 10_15_7) AppleWebKit/537.36 (KHTML, like Gecko) Chrome/137.0.0.0 Safari/537.36","info","production","main","MISS","lambda","/api/user/ensure-profile","fini-tn.vercel.app","fini-tn.vercel.app","dpl_8DDpLa7pKcnQ48Pryerc5N3kdnpq",-1,"iad1",-1,-1,"Warning: NODE_ENV was incorrectly set to ""development"", this value is being overridden to ""production""","prj_8i22mimp6RO1WTRkdRfuqTTiWDzD","","","01JZQS5932HAQW4J4ERVNSBKX2",""
"2025-07-09 14:24:14",1752071054744,"fini-tn.vercel.app/api/stores","GET","",-1,"rd7vf-1752071054164-62c78aac5dec","Mozilla/5.0 (Macintosh; Intel Mac OS X 10_15_7) AppleWebKit/537.36 (KHTML, like Gecko) Chrome/137.0.0.0 Safari/537.36","info","production","main","MISS","lambda","/api/stores","fini-tn.vercel.app","fini-tn.vercel.app","dpl_8DDpLa7pKcnQ48Pryerc5N3kdnpq",-1,"iad1",-1,-1,"Warning: NODE_ENV was incorrectly set to ""development"", this value is being overridden to ""production""","prj_8i22mimp6RO1WTRkdRfuqTTiWDzD","","","01JZQS58WYB5FWCK3SVFY1TTAB",""
"2025-07-09 14:24:14",1752071054712,"fini-tn.vercel.app/api/stores/auto-sync-scheduler","POST","",200,"4mgc6-1752071054650-5410494d6c97","Mozilla/5.0 (Macintosh; Intel Mac OS X 10_15_7) AppleWebKit/537.36 (KHTML, like Gecko) Chrome/137.0.0.0 Safari/537.36","info","production","main","MISS","lambda","/api/stores/auto-sync-scheduler","fini-tn.vercel.app","fini-tn.vercel.app","dpl_8DDpLa7pKcnQ48Pryerc5N3kdnpq",100,"iad1",129,2048,"","prj_8i22mimp6RO1WTRkdRfuqTTiWDzD","","","01JZQS59BRQYTJZYTMNPYHYA0R","Xfky5md4l4AP"
"2025-07-09 14:24:14",1752071054590,"fini-tn.vercel.app/api/stores/auto-sync-scheduler","POST","",200,"rgr9k-1752071054528-510fa221aa58","Mozilla/5.0 (Macintosh; Intel Mac OS X 10_15_7) AppleWebKit/537.36 (KHTML, like Gecko) Chrome/137.0.0.0 Safari/537.36","info","production","main","MISS","lambda","/api/stores/auto-sync-scheduler","fini-tn.vercel.app","fini-tn.vercel.app","dpl_8DDpLa7pKcnQ48Pryerc5N3kdnpq",175,"iad1",129,2048,"","prj_8i22mimp6RO1WTRkdRfuqTTiWDzD","","","01JZQS597Y8YZKKJ0JR9B3SSZF","9oDARx10MmIq"
"2025-07-09 14:24:14",1752071054434,"fini-tn.vercel.app/api/user/ensure-profile","POST","",200,"d6qfv-1752071054329-4e650624fb00","Mozilla/5.0 (Macintosh; Intel Mac OS X 10_15_7) AppleWebKit/537.36 (KHTML, like Gecko) Chrome/137.0.0.0 Safari/537.36","info","production","main","MISS","lambda","/api/user/ensure-profile","fini-tn.vercel.app","fini-tn.vercel.app","dpl_8DDpLa7pKcnQ48Pryerc5N3kdnpq",373,"iad1",125,2048,"","prj_8i22mimp6RO1WTRkdRfuqTTiWDzD","","","01JZQS5932HAQW4J4ERVNSBKX2","zTVwxsI2bqQ0"
"2025-07-09 14:24:14",1752071054400,"fini-tn.vercel.app/api/dashboard/stats","GET","",-1,"5kz65-1752071054164-d0281c4fc6b2","Mozilla/5.0 (Macintosh; Intel Mac OS X 10_15_7) AppleWebKit/537.36 (KHTML, like Gecko) Chrome/137.0.0.0 Safari/537.36","warning","production","main","MISS","lambda","/api/dashboard/stats","fini-tn.vercel.app","fini-tn.vercel.app","dpl_8DDpLa7pKcnQ48Pryerc5N3kdnpq",-1,"iad1",-1,-1,"Using the user object as returned from supabase.auth.getSession() or from some supabase.auth.onAuthStateChange() events could be insecure! This value comes directly from the storage medium (usually cookies on the server) and may not be authentic. Use supabase.auth.getUser() instead which authenticates the data by contacting the Supabase Auth server.","prj_8i22mimp6RO1WTRkdRfuqTTiWDzD","","","01JZQS58WXWQ6XKNSXEM3E4QJD",""
"2025-07-09 14:24:14",1752071054251,"fini-tn.vercel.app/api/dashboard/stats","GET","",-1,"5kz65-1752071054164-d0281c4fc6b2","Mozilla/5.0 (Macintosh; Intel Mac OS X 10_15_7) AppleWebKit/537.36 (KHTML, like Gecko) Chrome/137.0.0.0 Safari/537.36","info","production","main","MISS","lambda","/api/dashboard/stats","fini-tn.vercel.app","fini-tn.vercel.app","dpl_8DDpLa7pKcnQ48Pryerc5N3kdnpq",-1,"iad1",-1,-1,"Warning: NODE_ENV was incorrectly set to ""development"", this value is being overridden to ""production""","prj_8i22mimp6RO1WTRkdRfuqTTiWDzD","","","01JZQS58WXWQ6XKNSXEM3E4QJD",""
"2025-07-09 14:24:14",1752071054239,"fini-tn.vercel.app/api/user/ensure-profile","POST","",200,"4mgc6-1752071054164-f3fcb5b069d9","Mozilla/5.0 (Macintosh; Intel Mac OS X 10_15_7) AppleWebKit/537.36 (KHTML, like Gecko) Chrome/137.0.0.0 Safari/537.36","info","production","main","MISS","lambda","/api/user/ensure-profile","fini-tn.vercel.app","fini-tn.vercel.app","dpl_8DDpLa7pKcnQ48Pryerc5N3kdnpq",115,"iad1",129,2048,"","prj_8i22mimp6RO1WTRkdRfuqTTiWDzD","","","01JZQS58WZXFX65FS4YSJ9Q6ZP","Xfky5md4l4AP"
"2025-07-09 14:24:14",1752071054238,"fini-tn.vercel.app/api/stores","GET","",200,"rd7vf-1752071054164-62c78aac5dec","Mozilla/5.0 (Macintosh; Intel Mac OS X 10_15_7) AppleWebKit/537.36 (KHTML, like Gecko) Chrome/137.0.0.0 Safari/537.36","info","production","main","MISS","lambda","/api/stores","fini-tn.vercel.app","fini-tn.vercel.app","dpl_8DDpLa7pKcnQ48Pryerc5N3kdnpq",420,"iad1",134,2048,"","prj_8i22mimp6RO1WTRkdRfuqTTiWDzD","","","01JZQS58WYB5FWCK3SVFY1TTAB","mmF5SFfCink8"
"2025-07-09 14:24:14",1752071054237,"fini-tn.vercel.app/api/dashboard/stats","GET","",200,"5kz65-1752071054164-d0281c4fc6b2","Mozilla/5.0 (Macintosh; Intel Mac OS X 10_15_7) AppleWebKit/537.36 (KHTML, like Gecko) Chrome/137.0.0.0 Safari/537.36","info","production","main","MISS","lambda","/api/dashboard/stats","fini-tn.vercel.app","fini-tn.vercel.app","dpl_8DDpLa7pKcnQ48Pryerc5N3kdnpq",334,"iad1",123,2048,"","prj_8i22mimp6RO1WTRkdRfuqTTiWDzD","","","01JZQS58WXWQ6XKNSXEM3E4QJD","9oDARx10MmIq"
"2025-07-09 14:24:14",1752071054236,"fini-tn.vercel.app/api/user/ensure-profile","POST","",200,"rgr9k-1752071054172-f5844c623230","Mozilla/5.0 (Macintosh; Intel Mac OS X 10_15_7) AppleWebKit/537.36 (KHTML, like Gecko) Chrome/137.0.0.0 Safari/537.36","info","production","main","MISS","lambda","/api/user/ensure-profile","fini-tn.vercel.app","fini-tn.vercel.app","dpl_8DDpLa7pKcnQ48Pryerc5N3kdnpq",183,"iad1",129,2048,"","prj_8i22mimp6RO1WTRkdRfuqTTiWDzD","","","01JZQS58WWRMF6MT6D54PAG8Z3","Xfky5md4l4AP"
"2025-07-09 14:23:35",1752071015321,"fini-tn.vercel.app/api/dashboard/stats","GET","",-1,"45fzf-1752071015236-973e3128f6ca","Mozilla/5.0 (Macintosh; Intel Mac OS X 10_15_7) AppleWebKit/537.36 (KHTML, like Gecko) Chrome/137.0.0.0 Safari/537.36","warning","production","main","MISS","lambda","/api/dashboard/stats","fini-tn.vercel.app","fini-tn.vercel.app","dpl_8DDpLa7pKcnQ48Pryerc5N3kdnpq",-1,"iad1",-1,-1,"Using the user object as returned from supabase.auth.getSession() or from some supabase.auth.onAuthStateChange() events could be insecure! This value comes directly from the storage medium (usually cookies on the server) and may not be authentic. Use supabase.auth.getUser() instead which authenticates the data by contacting the Supabase Auth server.","prj_8i22mimp6RO1WTRkdRfuqTTiWDzD","","","01JZQS42W2ZZ2D2H6XZVTQCAVZ",""
"2025-07-09 14:23:35",1752071015309,"fini-tn.vercel.app/api/stores","GET","",200,"2v4sv-1752071015236-f143ebbb6fde","Mozilla/5.0 (Macintosh; Intel Mac OS X 10_15_7) AppleWebKit/537.36 (KHTML, like Gecko) Chrome/137.0.0.0 Safari/537.36","info","production","main","MISS","lambda","/api/stores","fini-tn.vercel.app","fini-tn.vercel.app","dpl_8DDpLa7pKcnQ48Pryerc5N3kdnpq",184,"iad1",129,2048,"","prj_8i22mimp6RO1WTRkdRfuqTTiWDzD","","","01JZQS42WDA0N0A0P8J5XQ4X1K","Xfky5md4l4AP"
"2025-07-09 14:23:35",1752071015298,"fini-tn.vercel.app/api/dashboard/stats","GET","",200,"45fzf-1752071015236-973e3128f6ca","Mozilla/5.0 (Macintosh; Intel Mac OS X 10_15_7) AppleWebKit/537.36 (KHTML, like Gecko) Chrome/137.0.0.0 Safari/537.36","info","production","main","MISS","lambda","/api/dashboard/stats","fini-tn.vercel.app","fini-tn.vercel.app","dpl_8DDpLa7pKcnQ48Pryerc5N3kdnpq",90,"iad1",129,2048,"","prj_8i22mimp6RO1WTRkdRfuqTTiWDzD","","","01JZQS42W2ZZ2D2H6XZVTQCAVZ","Xfky5md4l4AP"
"2025-07-09 14:23:34",1752071014512,"fini-tn.vercel.app/api/stores/ce6e4e8d-c992-4a4f-b88f-6ef964c6cb2a","DELETE","",-1,"45fzf-1752071014187-3d4ee9d904a2","Mozilla/5.0 (Macintosh; Intel Mac OS X 10_15_7) AppleWebKit/537.36 (KHTML, like Gecko) Chrome/137.0.0.0 Safari/537.36","info","production","main","MISS","lambda","/api/stores/[id]","fini-tn.vercel.app","fini-tn.vercel.app","dpl_8DDpLa7pKcnQ48Pryerc5N3kdnpq",-1,"iad1",-1,-1,"Warning: NODE_ENV was incorrectly set to ""development"", this value is being overridden to ""production""","prj_8i22mimp6RO1WTRkdRfuqTTiWDzD","","","01JZQS422J9XC6HBHFNFA60S77",""
"2025-07-09 14:23:34",1752071014482,"fini-tn.vercel.app/api/stores/ce6e4e8d-c992-4a4f-b88f-6ef964c6cb2a","DELETE","",200,"45fzf-1752071014187-3d4ee9d904a2","Mozilla/5.0 (Macintosh; Intel Mac OS X 10_15_7) AppleWebKit/537.36 (KHTML, like Gecko) Chrome/137.0.0.0 Safari/537.36","info","production","main","MISS","lambda","/api/stores/[id]","fini-tn.vercel.app","fini-tn.vercel.app","dpl_8DDpLa7pKcnQ48Pryerc5N3kdnpq",645,"iad1",129,2048,"","prj_8i22mimp6RO1WTRkdRfuqTTiWDzD","","","01JZQS422J9XC6HBHFNFA60S77","Xfky5md4l4AP"
"2025-07-09 14:23:21",1752071001979,"fini-tn.vercel.app/api/stores/ce6e4e8d-c992-4a4f-b88f-6ef964c6cb2a/sync-rag","POST","",-1,"dhmt4-1752071001797-62b0289cde5b","Mozilla/5.0 (Macintosh; Intel Mac OS X 10_15_7) AppleWebKit/537.36 (KHTML, like Gecko) Chrome/137.0.0.0 Safari/537.36","warning","production","main","MISS","lambda","/api/stores/[id]/sync-rag","fini-tn.vercel.app","fini-tn.vercel.app","dpl_8DDpLa7pKcnQ48Pryerc5N3kdnpq",-1,"iad1",-1,-1,"[RAG:vector-store] Successfully upserted 1 chunks","prj_8i22mimp6RO1WTRkdRfuqTTiWDzD","","","01JZQS3NR1MYYF59PTHXFWWSD2",""
"2025-07-09 14:23:21",1752071001979,"fini-tn.vercel.app/api/stores/ce6e4e8d-c992-4a4f-b88f-6ef964c6cb2a/sync-rag","POST","",-1,"dhmt4-1752071001797-62b0289cde5b","Mozilla/5.0 (Macintosh; Intel Mac OS X 10_15_7) AppleWebKit/537.36 (KHTML, like Gecko) Chrome/137.0.0.0 Safari/537.36","warning","production","main","MISS","lambda","/api/stores/[id]/sync-rag","fini-tn.vercel.app","fini-tn.vercel.app","dpl_8DDpLa7pKcnQ48Pryerc5N3kdnpq",-1,"iad1",-1,-1,"[RAG:vector-store] Upserted batch 1/1 to namespace: store-ce6e4e8d-c992-4a4f-b88f-6ef964c6cb2a","prj_8i22mimp6RO1WTRkdRfuqTTiWDzD","","","01JZQS3NR1MYYF59PTHXFWWSD2",""
"2025-07-09 14:23:21",1752071001968,"fini-tn.vercel.app/api/stores/ce6e4e8d-c992-4a4f-b88f-6ef964c6cb2a/sync-rag","POST","",-1,"dhmt4-1752071001797-62b0289cde5b","Mozilla/5.0 (Macintosh; Intel Mac OS X 10_15_7) AppleWebKit/537.36 (KHTML, like Gecko) Chrome/137.0.0.0 Safari/537.36","warning","production","main","MISS","lambda","/api/stores/[id]/sync-rag","fini-tn.vercel.app","fini-tn.vercel.app","dpl_8DDpLa7pKcnQ48Pryerc5N3kdnpq",-1,"iad1",-1,-1,"[RAG:vector-store] Successfully upserted 1 chunks","prj_8i22mimp6RO1WTRkdRfuqTTiWDzD","","","01JZQS3NR1MYYF59PTHXFWWSD2",""
"2025-07-09 14:23:21",1752071001968,"fini-tn.vercel.app/api/stores/ce6e4e8d-c992-4a4f-b88f-6ef964c6cb2a/sync-rag","POST","",-1,"dhmt4-1752071001797-62b0289cde5b","Mozilla/5.0 (Macintosh; Intel Mac OS X 10_15_7) AppleWebKit/537.36 (KHTML, like Gecko) Chrome/137.0.0.0 Safari/537.36","warning","production","main","MISS","lambda","/api/stores/[id]/sync-rag","fini-tn.vercel.app","fini-tn.vercel.app","dpl_8DDpLa7pKcnQ48Pryerc5N3kdnpq",-1,"iad1",-1,-1,"[RAG:vector-store] Upserted batch 1/1 to namespace: store-ce6e4e8d-c992-4a4f-b88f-6ef964c6cb2a","prj_8i22mimp6RO1WTRkdRfuqTTiWDzD","","","01JZQS3NR1MYYF59PTHXFWWSD2",""
"2025-07-09 14:23:21",1752071001961,"fini-tn.vercel.app/api/stores/ce6e4e8d-c992-4a4f-b88f-6ef964c6cb2a/sync-rag","POST","",-1,"dhmt4-1752071001797-62b0289cde5b","Mozilla/5.0 (Macintosh; Intel Mac OS X 10_15_7) AppleWebKit/537.36 (KHTML, like Gecko) Chrome/137.0.0.0 Safari/537.36","warning","production","main","MISS","lambda","/api/stores/[id]/sync-rag","fini-tn.vercel.app","fini-tn.vercel.app","dpl_8DDpLa7pKcnQ48Pryerc5N3kdnpq",-1,"iad1",-1,-1,"[RAG:SECURITY] Creating namespace for store ce6e4e8d-c992-4a4f-b88f-6ef964c6cb2a, type: customers","prj_8i22mimp6RO1WTRkdRfuqTTiWDzD","","","01JZQS3NR1MYYF59PTHXFWWSD2",""
"2025-07-09 14:23:21",1752071001961,"fini-tn.vercel.app/api/stores/ce6e4e8d-c992-4a4f-b88f-6ef964c6cb2a/sync-rag","POST","",-1,"dhmt4-1752071001797-62b0289cde5b","Mozilla/5.0 (Macintosh; Intel Mac OS X 10_15_7) AppleWebKit/537.36 (KHTML, like Gecko) Chrome/137.0.0.0 Safari/537.36","warning","production","main","MISS","lambda","/api/stores/[id]/sync-rag","fini-tn.vercel.app","fini-tn.vercel.app","dpl_8DDpLa7pKcnQ48Pryerc5N3kdnpq",-1,"iad1",-1,-1,"[RAG:vector-store] Upserting 1 chunks to Pinecone","prj_8i22mimp6RO1WTRkdRfuqTTiWDzD","","","01JZQS3NR1MYYF59PTHXFWWSD2",""
"2025-07-09 14:23:21",1752071001961,"fini-tn.vercel.app/api/stores/ce6e4e8d-c992-4a4f-b88f-6ef964c6cb2a/sync-rag","POST","",-1,"dhmt4-1752071001797-62b0289cde5b","Mozilla/5.0 (Macintosh; Intel Mac OS X 10_15_7) AppleWebKit/537.36 (KHTML, like Gecko) Chrome/137.0.0.0 Safari/537.36","warning","production","main","MISS","lambda","/api/stores/[id]/sync-rag","fini-tn.vercel.app","fini-tn.vercel.app","dpl_8DDpLa7pKcnQ48Pryerc5N3kdnpq",-1,"iad1",-1,-1,"[RAG:embeddings] Generated 1 embeddings successfully","prj_8i22mimp6RO1WTRkdRfuqTTiWDzD","","","01JZQS3NR1MYYF59PTHXFWWSD2",""
"2025-07-09 14:23:21",1752071001961,"fini-tn.vercel.app/api/stores/ce6e4e8d-c992-4a4f-b88f-6ef964c6cb2a/sync-rag","POST","",-1,"dhmt4-1752071001797-62b0289cde5b","Mozilla/5.0 (Macintosh; Intel Mac OS X 10_15_7) AppleWebKit/537.36 (KHTML, like Gecko) Chrome/137.0.0.0 Safari/537.36","warning","production","main","MISS","lambda","/api/stores/[id]/sync-rag","fini-tn.vercel.app","fini-tn.vercel.app","dpl_8DDpLa7pKcnQ48Pryerc5N3kdnpq",-1,"iad1",-1,-1,"[RAG:embeddings] Processed batch 1/1","prj_8i22mimp6RO1WTRkdRfuqTTiWDzD","","","01JZQS3NR1MYYF59PTHXFWWSD2",""
"2025-07-09 14:23:21",1752071001940,"fini-tn.vercel.app/api/stores/ce6e4e8d-c992-4a4f-b88f-6ef964c6cb2a/sync-rag","POST","",-1,"dhmt4-1752071001797-62b0289cde5b","Mozilla/5.0 (Macintosh; Intel Mac OS X 10_15_7) AppleWebKit/537.36 (KHTML, like Gecko) Chrome/137.0.0.0 Safari/537.36","warning","production","main","MISS","lambda","/api/stores/[id]/sync-rag","fini-tn.vercel.app","fini-tn.vercel.app","dpl_8DDpLa7pKcnQ48Pryerc5N3kdnpq",-1,"iad1",-1,-1,"[RAG:SECURITY] Creating namespace for store ce6e4e8d-c992-4a4f-b88f-6ef964c6cb2a, type: conversations","prj_8i22mimp6RO1WTRkdRfuqTTiWDzD","","","01JZQS3NR1MYYF59PTHXFWWSD2",""
"2025-07-09 14:23:21",1752071001940,"fini-tn.vercel.app/api/stores/ce6e4e8d-c992-4a4f-b88f-6ef964c6cb2a/sync-rag","POST","",-1,"dhmt4-1752071001797-62b0289cde5b","Mozilla/5.0 (Macintosh; Intel Mac OS X 10_15_7) AppleWebKit/537.36 (KHTML, like Gecko) Chrome/137.0.0.0 Safari/537.36","warning","production","main","MISS","lambda","/api/stores/[id]/sync-rag","fini-tn.vercel.app","fini-tn.vercel.app","dpl_8DDpLa7pKcnQ48Pryerc5N3kdnpq",-1,"iad1",-1,-1,"[RAG:vector-store] Upserting 1 chunks to Pinecone","prj_8i22mimp6RO1WTRkdRfuqTTiWDzD","","","01JZQS3NR1MYYF59PTHXFWWSD2",""
"2025-07-09 14:23:21",1752071001940,"fini-tn.vercel.app/api/stores/ce6e4e8d-c992-4a4f-b88f-6ef964c6cb2a/sync-rag","POST","",-1,"dhmt4-1752071001797-62b0289cde5b","Mozilla/5.0 (Macintosh; Intel Mac OS X 10_15_7) AppleWebKit/537.36 (KHTML, like Gecko) Chrome/137.0.0.0 Safari/537.36","warning","production","main","MISS","lambda","/api/stores/[id]/sync-rag","fini-tn.vercel.app","fini-tn.vercel.app","dpl_8DDpLa7pKcnQ48Pryerc5N3kdnpq",-1,"iad1",-1,-1,"[RAG:embeddings] Generated 1 embeddings successfully","prj_8i22mimp6RO1WTRkdRfuqTTiWDzD","","","01JZQS3NR1MYYF59PTHXFWWSD2",""
"2025-07-09 14:23:21",1752071001940,"fini-tn.vercel.app/api/stores/ce6e4e8d-c992-4a4f-b88f-6ef964c6cb2a/sync-rag","POST","",-1,"dhmt4-1752071001797-62b0289cde5b","Mozilla/5.0 (Macintosh; Intel Mac OS X 10_15_7) AppleWebKit/537.36 (KHTML, like Gecko) Chrome/137.0.0.0 Safari/537.36","warning","production","main","MISS","lambda","/api/stores/[id]/sync-rag","fini-tn.vercel.app","fini-tn.vercel.app","dpl_8DDpLa7pKcnQ48Pryerc5N3kdnpq",-1,"iad1",-1,-1,"[RAG:embeddings] Processed batch 1/1","prj_8i22mimp6RO1WTRkdRfuqTTiWDzD","","","01JZQS3NR1MYYF59PTHXFWWSD2",""
"2025-07-09 14:23:21",1752071001929,"fini-tn.vercel.app/api/stores/ce6e4e8d-c992-4a4f-b88f-6ef964c6cb2a/sync-rag","POST","",-1,"dhmt4-1752071001797-62b0289cde5b","Mozilla/5.0 (Macintosh; Intel Mac OS X 10_15_7) AppleWebKit/537.36 (KHTML, like Gecko) Chrome/137.0.0.0 Safari/537.36","warning","production","main","MISS","lambda","/api/stores/[id]/sync-rag","fini-tn.vercel.app","fini-tn.vercel.app","dpl_8DDpLa7pKcnQ48Pryerc5N3kdnpq",-1,"iad1",-1,-1,"[RAG:SECURITY] Creating namespace for store ce6e4e8d-c992-4a4f-b88f-6ef964c6cb2a, type: products","prj_8i22mimp6RO1WTRkdRfuqTTiWDzD","","","01JZQS3NR1MYYF59PTHXFWWSD2",""
"2025-07-09 14:23:21",1752071001929,"fini-tn.vercel.app/api/stores/ce6e4e8d-c992-4a4f-b88f-6ef964c6cb2a/sync-rag","POST","",-1,"dhmt4-1752071001797-62b0289cde5b","Mozilla/5.0 (Macintosh; Intel Mac OS X 10_15_7) AppleWebKit/537.36 (KHTML, like Gecko) Chrome/137.0.0.0 Safari/537.36","warning","production","main","MISS","lambda","/api/stores/[id]/sync-rag","fini-tn.vercel.app","fini-tn.vercel.app","dpl_8DDpLa7pKcnQ48Pryerc5N3kdnpq",-1,"iad1",-1,-1,"[RAG:vector-store] Upserting 1 chunks to Pinecone","prj_8i22mimp6RO1WTRkdRfuqTTiWDzD","","","01JZQS3NR1MYYF59PTHXFWWSD2",""
"2025-07-09 14:23:21",1752071001929,"fini-tn.vercel.app/api/stores/ce6e4e8d-c992-4a4f-b88f-6ef964c6cb2a/sync-rag","POST","",-1,"dhmt4-1752071001797-62b0289cde5b","Mozilla/5.0 (Macintosh; Intel Mac OS X 10_15_7) AppleWebKit/537.36 (KHTML, like Gecko) Chrome/137.0.0.0 Safari/537.36","warning","production","main","MISS","lambda","/api/stores/[id]/sync-rag","fini-tn.vercel.app","fini-tn.vercel.app","dpl_8DDpLa7pKcnQ48Pryerc5N3kdnpq",-1,"iad1",-1,-1,"[RAG:embeddings] Generated 1 embeddings successfully","prj_8i22mimp6RO1WTRkdRfuqTTiWDzD","","","01JZQS3NR1MYYF59PTHXFWWSD2",""
"2025-07-09 14:23:21",1752071001929,"fini-tn.vercel.app/api/stores/ce6e4e8d-c992-4a4f-b88f-6ef964c6cb2a/sync-rag","POST","",-1,"dhmt4-1752071001797-62b0289cde5b","Mozilla/5.0 (Macintosh; Intel Mac OS X 10_15_7) AppleWebKit/537.36 (KHTML, like Gecko) Chrome/137.0.0.0 Safari/537.36","warning","production","main","MISS","lambda","/api/stores/[id]/sync-rag","fini-tn.vercel.app","fini-tn.vercel.app","dpl_8DDpLa7pKcnQ48Pryerc5N3kdnpq",-1,"iad1",-1,-1,"[RAG:embeddings] Processed batch 1/1","prj_8i22mimp6RO1WTRkdRfuqTTiWDzD","","","01JZQS3NR1MYYF59PTHXFWWSD2",""
"2025-07-09 14:23:21",1752071001857,"fini-tn.vercel.app/api/stores/ce6e4e8d-c992-4a4f-b88f-6ef964c6cb2a/sync-rag","POST","",200,"dhmt4-1752071001797-62b0289cde5b","Mozilla/5.0 (Macintosh; Intel Mac OS X 10_15_7) AppleWebKit/537.36 (KHTML, like Gecko) Chrome/137.0.0.0 Safari/537.36","info","production","main","MISS","lambda","/api/stores/[id]/sync-rag","fini-tn.vercel.app","fini-tn.vercel.app","dpl_8DDpLa7pKcnQ48Pryerc5N3kdnpq",135,"iad1",168,2048,"","prj_8i22mimp6RO1WTRkdRfuqTTiWDzD","","","01JZQS3NR1MYYF59PTHXFWWSD2","9ImX4tFIKDym"
"2025-07-09 14:23:21",1752071001636,"fini-tn.vercel.app/api/stores/ce6e4e8d-c992-4a4f-b88f-6ef964c6cb2a/sync-rag","POST","",-1,"bzw4w-1752071001519-bc88bf91faff","Mozilla/5.0 (Macintosh; Intel Mac OS X 10_15_7) AppleWebKit/537.36 (KHTML, like Gecko) Chrome/137.0.0.0 Safari/537.36","warning","production","main","MISS","lambda","/api/stores/[id]/sync-rag","fini-tn.vercel.app","fini-tn.vercel.app","dpl_8DDpLa7pKcnQ48Pryerc5N3kdnpq",-1,"iad1",-1,-1,"[RAG:vector-store] Successfully upserted 1 chunks","prj_8i22mimp6RO1WTRkdRfuqTTiWDzD","","","01JZQS3NCN772ESMVNXFSFGMTH",""
"2025-07-09 14:23:21",1752071001636,"fini-tn.vercel.app/api/stores/ce6e4e8d-c992-4a4f-b88f-6ef964c6cb2a/sync-rag","POST","",-1,"bzw4w-1752071001519-bc88bf91faff","Mozilla/5.0 (Macintosh; Intel Mac OS X 10_15_7) AppleWebKit/537.36 (KHTML, like Gecko) Chrome/137.0.0.0 Safari/537.36","warning","production","main","MISS","lambda","/api/stores/[id]/sync-rag","fini-tn.vercel.app","fini-tn.vercel.app","dpl_8DDpLa7pKcnQ48Pryerc5N3kdnpq",-1,"iad1",-1,-1,"[RAG:vector-store] Upserted batch 1/1 to namespace: store-ce6e4e8d-c992-4a4f-b88f-6ef964c6cb2a","prj_8i22mimp6RO1WTRkdRfuqTTiWDzD","","","01JZQS3NCN772ESMVNXFSFGMTH",""
"2025-07-09 14:23:21",1752071001636,"fini-tn.vercel.app/api/stores","GET","",-1,"gqwkh-1752071001429-e3977c879541","Mozilla/5.0 (Macintosh; Intel Mac OS X 10_15_7) AppleWebKit/537.36 (KHTML, like Gecko) Chrome/137.0.0.0 Safari/537.36","warning","production","main","MISS","lambda","/api/stores","fini-tn.vercel.app","fini-tn.vercel.app","dpl_8DDpLa7pKcnQ48Pryerc5N3kdnpq",-1,"iad1",-1,-1,"[RAG:vector-store] Successfully upserted 1 chunks","prj_8i22mimp6RO1WTRkdRfuqTTiWDzD","","","01JZQS3NCN772ESMVNXFSFGMTH",""
"2025-07-09 14:23:21",1752071001636,"fini-tn.vercel.app/api/stores","GET","",-1,"gqwkh-1752071001429-e3977c879541","Mozilla/5.0 (Macintosh; Intel Mac OS X 10_15_7) AppleWebKit/537.36 (KHTML, like Gecko) Chrome/137.0.0.0 Safari/537.36","warning","production","main","MISS","lambda","/api/stores","fini-tn.vercel.app","fini-tn.vercel.app","dpl_8DDpLa7pKcnQ48Pryerc5N3kdnpq",-1,"iad1",-1,-1,"[RAG:vector-store] Upserted batch 1/1 to namespace: store-ce6e4e8d-c992-4a4f-b88f-6ef964c6cb2a","prj_8i22mimp6RO1WTRkdRfuqTTiWDzD","","","01JZQS3NCN772ESMVNXFSFGMTH",""
"2025-07-09 14:23:21",1752071001589,"fini-tn.vercel.app/api/stores/ce6e4e8d-c992-4a4f-b88f-6ef964c6cb2a/sync-rag","POST","",-1,"bzw4w-1752071001519-bc88bf91faff","Mozilla/5.0 (Macintosh; Intel Mac OS X 10_15_7) AppleWebKit/537.36 (KHTML, like Gecko) Chrome/137.0.0.0 Safari/537.36","warning","production","main","MISS","lambda","/api/stores/[id]/sync-rag","fini-tn.vercel.app","fini-tn.vercel.app","dpl_8DDpLa7pKcnQ48Pryerc5N3kdnpq",-1,"iad1",-1,-1,"[RAG:SECURITY] Creating namespace for store ce6e4e8d-c992-4a4f-b88f-6ef964c6cb2a, type: conversations","prj_8i22mimp6RO1WTRkdRfuqTTiWDzD","","","01JZQS3NCN772ESMVNXFSFGMTH",""
"2025-07-09 14:23:21",1752071001589,"fini-tn.vercel.app/api/stores/ce6e4e8d-c992-4a4f-b88f-6ef964c6cb2a/sync-rag","POST","",-1,"bzw4w-1752071001519-bc88bf91faff","Mozilla/5.0 (Macintosh; Intel Mac OS X 10_15_7) AppleWebKit/537.36 (KHTML, like Gecko) Chrome/137.0.0.0 Safari/537.36","warning","production","main","MISS","lambda","/api/stores/[id]/sync-rag","fini-tn.vercel.app","fini-tn.vercel.app","dpl_8DDpLa7pKcnQ48Pryerc5N3kdnpq",-1,"iad1",-1,-1,"[RAG:vector-store] Upserting 1 chunks to Pinecone","prj_8i22mimp6RO1WTRkdRfuqTTiWDzD","","","01JZQS3NCN772ESMVNXFSFGMTH",""
"2025-07-09 14:23:21",1752071001589,"fini-tn.vercel.app/api/stores/ce6e4e8d-c992-4a4f-b88f-6ef964c6cb2a/sync-rag","POST","",-1,"bzw4w-1752071001519-bc88bf91faff","Mozilla/5.0 (Macintosh; Intel Mac OS X 10_15_7) AppleWebKit/537.36 (KHTML, like Gecko) Chrome/137.0.0.0 Safari/537.36","warning","production","main","MISS","lambda","/api/stores/[id]/sync-rag","fini-tn.vercel.app","fini-tn.vercel.app","dpl_8DDpLa7pKcnQ48Pryerc5N3kdnpq",-1,"iad1",-1,-1,"[RAG:embeddings] Generated 1 embeddings successfully","prj_8i22mimp6RO1WTRkdRfuqTTiWDzD","","","01JZQS3NCN772ESMVNXFSFGMTH",""
"2025-07-09 14:23:21",1752071001589,"fini-tn.vercel.app/api/stores","GET","",-1,"gqwkh-1752071001429-e3977c879541","Mozilla/5.0 (Macintosh; Intel Mac OS X 10_15_7) AppleWebKit/537.36 (KHTML, like Gecko) Chrome/137.0.0.0 Safari/537.36","warning","production","main","MISS","lambda","/api/stores","fini-tn.vercel.app","fini-tn.vercel.app","dpl_8DDpLa7pKcnQ48Pryerc5N3kdnpq",-1,"iad1",-1,-1,"[RAG:SECURITY] Creating namespace for store ce6e4e8d-c992-4a4f-b88f-6ef964c6cb2a, type: conversations","prj_8i22mimp6RO1WTRkdRfuqTTiWDzD","","","01JZQS3NCN772ESMVNXFSFGMTH",""
"2025-07-09 14:23:21",1752071001589,"fini-tn.vercel.app/api/stores","GET","",-1,"gqwkh-1752071001429-e3977c879541","Mozilla/5.0 (Macintosh; Intel Mac OS X 10_15_7) AppleWebKit/537.36 (KHTML, like Gecko) Chrome/137.0.0.0 Safari/537.36","warning","production","main","MISS","lambda","/api/stores","fini-tn.vercel.app","fini-tn.vercel.app","dpl_8DDpLa7pKcnQ48Pryerc5N3kdnpq",-1,"iad1",-1,-1,"[RAG:vector-store] Upserting 1 chunks to Pinecone","prj_8i22mimp6RO1WTRkdRfuqTTiWDzD","","","01JZQS3NCN772ESMVNXFSFGMTH",""
"2025-07-09 14:23:21",1752071001589,"fini-tn.vercel.app/api/stores","GET","",-1,"gqwkh-1752071001429-e3977c879541","Mozilla/5.0 (Macintosh; Intel Mac OS X 10_15_7) AppleWebKit/537.36 (KHTML, like Gecko) Chrome/137.0.0.0 Safari/537.36","warning","production","main","MISS","lambda","/api/stores","fini-tn.vercel.app","fini-tn.vercel.app","dpl_8DDpLa7pKcnQ48Pryerc5N3kdnpq",-1,"iad1",-1,-1,"[RAG:embeddings] Generated 1 embeddings successfully","prj_8i22mimp6RO1WTRkdRfuqTTiWDzD","","","01JZQS3NCN772ESMVNXFSFGMTH",""
"2025-07-09 14:23:21",1752071001588,"fini-tn.vercel.app/api/stores/ce6e4e8d-c992-4a4f-b88f-6ef964c6cb2a/sync-rag","POST","",-1,"bzw4w-1752071001519-bc88bf91faff","Mozilla/5.0 (Macintosh; Intel Mac OS X 10_15_7) AppleWebKit/537.36 (KHTML, like Gecko) Chrome/137.0.0.0 Safari/537.36","warning","production","main","MISS","lambda","/api/stores/[id]/sync-rag","fini-tn.vercel.app","fini-tn.vercel.app","dpl_8DDpLa7pKcnQ48Pryerc5N3kdnpq",-1,"iad1",-1,-1,"[RAG:embeddings] Processed batch 1/1","prj_8i22mimp6RO1WTRkdRfuqTTiWDzD","","","01JZQS3NCN772ESMVNXFSFGMTH",""
"2025-07-09 14:23:21",1752071001588,"fini-tn.vercel.app/api/stores","GET","",-1,"gqwkh-1752071001429-e3977c879541","Mozilla/5.0 (Macintosh; Intel Mac OS X 10_15_7) AppleWebKit/537.36 (KHTML, like Gecko) Chrome/137.0.0.0 Safari/537.36","warning","production","main","MISS","lambda","/api/stores","fini-tn.vercel.app","fini-tn.vercel.app","dpl_8DDpLa7pKcnQ48Pryerc5N3kdnpq",-1,"iad1",-1,-1,"[RAG:embeddings] Processed batch 1/1","prj_8i22mimp6RO1WTRkdRfuqTTiWDzD","","","01JZQS3NCN772ESMVNXFSFGMTH",""
"2025-07-09 14:23:21",1752071001580,"fini-tn.vercel.app/api/stores/ce6e4e8d-c992-4a4f-b88f-6ef964c6cb2a/sync-rag","POST","",200,"bzw4w-1752071001519-bc88bf91faff","Mozilla/5.0 (Macintosh; Intel Mac OS X 10_15_7) AppleWebKit/537.36 (KHTML, like Gecko) Chrome/137.0.0.0 Safari/537.36","info","production","main","MISS","lambda","/api/stores/[id]/sync-rag","fini-tn.vercel.app","fini-tn.vercel.app","dpl_8DDpLa7pKcnQ48Pryerc5N3kdnpq",83,"iad1",124,2048,"","prj_8i22mimp6RO1WTRkdRfuqTTiWDzD","","","01JZQS3NCN772ESMVNXFSFGMTH","9ImX4tFIKDym"
"2025-07-09 14:23:21",1752071001562,"fini-tn.vercel.app/api/stores","GET","",-1,"gqwkh-1752071001429-e3977c879541","Mozilla/5.0 (Macintosh; Intel Mac OS X 10_15_7) AppleWebKit/537.36 (KHTML, like Gecko) Chrome/137.0.0.0 Safari/537.36","warning","production","main","MISS","lambda","/api/stores","fini-tn.vercel.app","fini-tn.vercel.app","dpl_8DDpLa7pKcnQ48Pryerc5N3kdnpq",-1,"iad1",-1,-1,"[RAG:vector-store] Successfully upserted 1 chunks","prj_8i22mimp6RO1WTRkdRfuqTTiWDzD","","","01JZQS3NCN772ESMVNXFSFGMTH",""
"2025-07-09 14:23:21",1752071001562,"fini-tn.vercel.app/api/stores","GET","",-1,"gqwkh-1752071001429-e3977c879541","Mozilla/5.0 (Macintosh; Intel Mac OS X 10_15_7) AppleWebKit/537.36 (KHTML, like Gecko) Chrome/137.0.0.0 Safari/537.36","warning","production","main","MISS","lambda","/api/stores","fini-tn.vercel.app","fini-tn.vercel.app","dpl_8DDpLa7pKcnQ48Pryerc5N3kdnpq",-1,"iad1",-1,-1,"[RAG:vector-store] Upserted batch 1/1 to namespace: store-ce6e4e8d-c992-4a4f-b88f-6ef964c6cb2a","prj_8i22mimp6RO1WTRkdRfuqTTiWDzD","","","01JZQS3NCN772ESMVNXFSFGMTH",""
"2025-07-09 14:23:21",1752071001562,"fini-tn.vercel.app/api/stores","GET","",-1,"gqwkh-1752071001429-e3977c879541","Mozilla/5.0 (Macintosh; Intel Mac OS X 10_15_7) AppleWebKit/537.36 (KHTML, like Gecko) Chrome/137.0.0.0 Safari/537.36","warning","production","main","MISS","lambda","/api/stores","fini-tn.vercel.app","fini-tn.vercel.app","dpl_8DDpLa7pKcnQ48Pryerc5N3kdnpq",-1,"iad1",-1,-1,"[RAG:vector-store] Successfully upserted 1 chunks","prj_8i22mimp6RO1WTRkdRfuqTTiWDzD","","","01JZQS3NCN772ESMVNXFSFGMTH",""
"2025-07-09 14:23:21",1752071001562,"fini-tn.vercel.app/api/stores","GET","",-1,"gqwkh-1752071001429-e3977c879541","Mozilla/5.0 (Macintosh; Intel Mac OS X 10_15_7) AppleWebKit/537.36 (KHTML, like Gecko) Chrome/137.0.0.0 Safari/537.36","warning","production","main","MISS","lambda","/api/stores","fini-tn.vercel.app","fini-tn.vercel.app","dpl_8DDpLa7pKcnQ48Pryerc5N3kdnpq",-1,"iad1",-1,-1,"[RAG:vector-store] Upserted batch 1/1 to namespace: store-ce6e4e8d-c992-4a4f-b88f-6ef964c6cb2a-analytics","prj_8i22mimp6RO1WTRkdRfuqTTiWDzD","","","01JZQS3NCN772ESMVNXFSFGMTH",""
"2025-07-09 14:23:21",1752071001524,"fini-tn.vercel.app/api/stores","GET","",-1,"gqwkh-1752071001429-e3977c879541","Mozilla/5.0 (Macintosh; Intel Mac OS X 10_15_7) AppleWebKit/537.36 (KHTML, like Gecko) Chrome/137.0.0.0 Safari/537.36","warning","production","main","MISS","lambda","/api/stores","fini-tn.vercel.app","fini-tn.vercel.app","dpl_8DDpLa7pKcnQ48Pryerc5N3kdnpq",-1,"iad1",-1,-1,"[RAG:SECURITY] Creating namespace for store ce6e4e8d-c992-4a4f-b88f-6ef964c6cb2a, type: analytics","prj_8i22mimp6RO1WTRkdRfuqTTiWDzD","","","01JZQS3NCN772ESMVNXFSFGMTH",""
"2025-07-09 14:23:21",1752071001524,"fini-tn.vercel.app/api/stores","GET","",-1,"gqwkh-1752071001429-e3977c879541","Mozilla/5.0 (Macintosh; Intel Mac OS X 10_15_7) AppleWebKit/537.36 (KHTML, like Gecko) Chrome/137.0.0.0 Safari/537.36","warning","production","main","MISS","lambda","/api/stores","fini-tn.vercel.app","fini-tn.vercel.app","dpl_8DDpLa7pKcnQ48Pryerc5N3kdnpq",-1,"iad1",-1,-1,"[RAG:vector-store] Upserting 1 chunks to Pinecone","prj_8i22mimp6RO1WTRkdRfuqTTiWDzD","","","01JZQS3NCN772ESMVNXFSFGMTH",""
"2025-07-09 14:23:21",1752071001524,"fini-tn.vercel.app/api/stores","GET","",-1,"gqwkh-1752071001429-e3977c879541","Mozilla/5.0 (Macintosh; Intel Mac OS X 10_15_7) AppleWebKit/537.36 (KHTML, like Gecko) Chrome/137.0.0.0 Safari/537.36","warning","production","main","MISS","lambda","/api/stores","fini-tn.vercel.app","fini-tn.vercel.app","dpl_8DDpLa7pKcnQ48Pryerc5N3kdnpq",-1,"iad1",-1,-1,"[RAG:embeddings] Generated 1 embeddings successfully","prj_8i22mimp6RO1WTRkdRfuqTTiWDzD","","","01JZQS3NCN772ESMVNXFSFGMTH",""
"2025-07-09 14:23:21",1752071001524,"fini-tn.vercel.app/api/stores","GET","",-1,"gqwkh-1752071001429-e3977c879541","Mozilla/5.0 (Macintosh; Intel Mac OS X 10_15_7) AppleWebKit/537.36 (KHTML, like Gecko) Chrome/137.0.0.0 Safari/537.36","warning","production","main","MISS","lambda","/api/stores","fini-tn.vercel.app","fini-tn.vercel.app","dpl_8DDpLa7pKcnQ48Pryerc5N3kdnpq",-1,"iad1",-1,-1,"[RAG:embeddings] Processed batch 1/1","prj_8i22mimp6RO1WTRkdRfuqTTiWDzD","","","01JZQS3NCN772ESMVNXFSFGMTH",""
"2025-07-09 14:23:21",1752071001493,"fini-tn.vercel.app/api/stores","GET","",200,"gqwkh-1752071001429-e3977c879541","Mozilla/5.0 (Macintosh; Intel Mac OS X 10_15_7) AppleWebKit/537.36 (KHTML, like Gecko) Chrome/137.0.0.0 Safari/537.36","info","production","main","MISS","lambda","/api/stores","fini-tn.vercel.app","fini-tn.vercel.app","dpl_8DDpLa7pKcnQ48Pryerc5N3kdnpq",199,"iad1",124,2048,"","prj_8i22mimp6RO1WTRkdRfuqTTiWDzD","","","01JZQS3NCN772ESMVNXFSFGMTH","9ImX4tFIKDym"
"2025-07-09 14:23:21",1752071001425,"fini-tn.vercel.app/api/stores/auto-sync-scheduler","POST","",-1,"bzw4w-1752071001295-b0e54969d4e3","Mozilla/5.0 (Macintosh; Intel Mac OS X 10_15_7) AppleWebKit/537.36 (KHTML, like Gecko) Chrome/137.0.0.0 Safari/537.36","warning","production","main","MISS","lambda","/api/stores/auto-sync-scheduler","fini-tn.vercel.app","fini-tn.vercel.app","dpl_8DDpLa7pKcnQ48Pryerc5N3kdnpq",-1,"iad1",-1,-1,"[RAG:vector-store] Successfully upserted 1 chunks","prj_8i22mimp6RO1WTRkdRfuqTTiWDzD","","","01JZQS3N8C9S0WTJ93SH1Z7JB5",""
"2025-07-09 14:23:21",1752071001425,"fini-tn.vercel.app/api/stores/auto-sync-scheduler","POST","",-1,"bzw4w-1752071001295-b0e54969d4e3","Mozilla/5.0 (Macintosh; Intel Mac OS X 10_15_7) AppleWebKit/537.36 (KHTML, like Gecko) Chrome/137.0.0.0 Safari/537.36","warning","production","main","MISS","lambda","/api/stores/auto-sync-scheduler","fini-tn.vercel.app","fini-tn.vercel.app","dpl_8DDpLa7pKcnQ48Pryerc5N3kdnpq",-1,"iad1",-1,-1,"[RAG:vector-store] Upserted batch 1/1 to namespace: store-ce6e4e8d-c992-4a4f-b88f-6ef964c6cb2a-analytics","prj_8i22mimp6RO1WTRkdRfuqTTiWDzD","","","01JZQS3N8C9S0WTJ93SH1Z7JB5",""
"2025-07-09 14:23:21",1752071001357,"fini-tn.vercel.app/api/stores/auto-sync-scheduler","POST","",200,"6q2vc-1752071001288-023b06bbfa36","Mozilla/5.0 (Macintosh; Intel Mac OS X 10_15_7) AppleWebKit/537.36 (KHTML, like Gecko) Chrome/137.0.0.0 Safari/537.36","info","production","main","MISS","lambda","/api/stores/auto-sync-scheduler","fini-tn.vercel.app","fini-tn.vercel.app","dpl_8DDpLa7pKcnQ48Pryerc5N3kdnpq",66,"iad1",163,2048,"","prj_8i22mimp6RO1WTRkdRfuqTTiWDzD","","","01JZQS3N8DNE88N3AJ115WY5ZK","9ImX4tFIKDym"
"2025-07-09 14:23:21",1752071001356,"fini-tn.vercel.app/api/stores/auto-sync-scheduler","POST","",200,"bzw4w-1752071001295-b0e54969d4e3","Mozilla/5.0 (Macintosh; Intel Mac OS X 10_15_7) AppleWebKit/537.36 (KHTML, like Gecko) Chrome/137.0.0.0 Safari/537.36","info","production","main","MISS","lambda","/api/stores/auto-sync-scheduler","fini-tn.vercel.app","fini-tn.vercel.app","dpl_8DDpLa7pKcnQ48Pryerc5N3kdnpq",59,"iad1",140,2048,"","prj_8i22mimp6RO1WTRkdRfuqTTiWDzD","","","01JZQS3N8C9S0WTJ93SH1Z7JB5","TG6liQoJzmuM"
"2025-07-09 14:23:21",1752071001352,"fini-tn.vercel.app/api/stores/auto-sync-scheduler","POST","",200,"9bp64-1752071001291-90711aea718c","Mozilla/5.0 (Macintosh; Intel Mac OS X 10_15_7) AppleWebKit/537.36 (KHTML, like Gecko) Chrome/137.0.0.0 Safari/537.36","info","production","main","MISS","lambda","/api/stores/auto-sync-scheduler","fini-tn.vercel.app","fini-tn.vercel.app","dpl_8DDpLa7pKcnQ48Pryerc5N3kdnpq",61,"iad1",131,2048,"","prj_8i22mimp6RO1WTRkdRfuqTTiWDzD","","","01JZQS3N880HBNANPMG7HHV3S2","tDOS7Z6YzNdw"
"2025-07-09 14:23:21",1752071001321,"fini-tn.vercel.app/api/dashboard/stats","GET","",-1,"6d6bs-1752071001247-28363dd896cb","Mozilla/5.0 (Macintosh; Intel Mac OS X 10_15_7) AppleWebKit/537.36 (KHTML, like Gecko) Chrome/137.0.0.0 Safari/537.36","warning","production","main","MISS","lambda","/api/dashboard/stats","fini-tn.vercel.app","fini-tn.vercel.app","dpl_8DDpLa7pKcnQ48Pryerc5N3kdnpq",-1,"iad1",-1,-1,"Using the user object as returned from supabase.auth.getSession() or from some supabase.auth.onAuthStateChange() events could be insecure! This value comes directly from the storage medium (usually cookies on the server) and may not be authentic. Use supabase.auth.getUser() instead which authenticates the data by contacting the Supabase Auth server.","prj_8i22mimp6RO1WTRkdRfuqTTiWDzD","","","01JZQS3MYZJSE520N0M1R3WJ0V",""
"2025-07-09 14:23:21",1752071001315,"fini-tn.vercel.app/api/dashboard/stats","GET","",200,"6d6bs-1752071001247-28363dd896cb","Mozilla/5.0 (Macintosh; Intel Mac OS X 10_15_7) AppleWebKit/537.36 (KHTML, like Gecko) Chrome/137.0.0.0 Safari/537.36","info","production","main","MISS","lambda","/api/dashboard/stats","fini-tn.vercel.app","fini-tn.vercel.app","dpl_8DDpLa7pKcnQ48Pryerc5N3kdnpq",36,"iad1",120,2048,"","prj_8i22mimp6RO1WTRkdRfuqTTiWDzD","","","01JZQS3MYZJSE520N0M1R3WJ0V","9ImX4tFIKDym"
"2025-07-09 14:23:21",1752071001218,"fini-tn.vercel.app/api/stores","GET","",-1,"n5vdn-1752071000995-ace76098f29a","Mozilla/5.0 (Macintosh; Intel Mac OS X 10_15_7) AppleWebKit/537.36 (KHTML, like Gecko) Chrome/137.0.0.0 Safari/537.36","warning","production","main","MISS","lambda","/api/stores","fini-tn.vercel.app","fini-tn.vercel.app","dpl_8DDpLa7pKcnQ48Pryerc5N3kdnpq",-1,"iad1",-1,-1,"[RAG:vector-store] Successfully upserted 1 chunks","prj_8i22mimp6RO1WTRkdRfuqTTiWDzD","","","01JZQS3MYZJSE520N0M1R3WJ0V",""
"2025-07-09 14:23:21",1752071001218,"fini-tn.vercel.app/api/stores","GET","",-1,"n5vdn-1752071000995-ace76098f29a","Mozilla/5.0 (Macintosh; Intel Mac OS X 10_15_7) AppleWebKit/537.36 (KHTML, like Gecko) Chrome/137.0.0.0 Safari/537.36","warning","production","main","MISS","lambda","/api/stores","fini-tn.vercel.app","fini-tn.vercel.app","dpl_8DDpLa7pKcnQ48Pryerc5N3kdnpq",-1,"iad1",-1,-1,"[RAG:vector-store] Upserted batch 1/1 to namespace: store-ce6e4e8d-c992-4a4f-b88f-6ef964c6cb2a","prj_8i22mimp6RO1WTRkdRfuqTTiWDzD","","","01JZQS3MYZJSE520N0M1R3WJ0V",""
"2025-07-09 14:23:21",1752071001182,"fini-tn.vercel.app/api/stores","GET","",-1,"n5vdn-1752071000995-ace76098f29a","Mozilla/5.0 (Macintosh; Intel Mac OS X 10_15_7) AppleWebKit/537.36 (KHTML, like Gecko) Chrome/137.0.0.0 Safari/537.36","warning","production","main","MISS","lambda","/api/stores","fini-tn.vercel.app","fini-tn.vercel.app","dpl_8DDpLa7pKcnQ48Pryerc5N3kdnpq",-1,"iad1",-1,-1,"[RAG:vector-store] Successfully upserted 1 chunks","prj_8i22mimp6RO1WTRkdRfuqTTiWDzD","","","01JZQS3MYZJSE520N0M1R3WJ0V",""
"2025-07-09 14:23:21",1752071001182,"fini-tn.vercel.app/api/stores","GET","",-1,"n5vdn-1752071000995-ace76098f29a","Mozilla/5.0 (Macintosh; Intel Mac OS X 10_15_7) AppleWebKit/537.36 (KHTML, like Gecko) Chrome/137.0.0.0 Safari/537.36","warning","production","main","MISS","lambda","/api/stores","fini-tn.vercel.app","fini-tn.vercel.app","dpl_8DDpLa7pKcnQ48Pryerc5N3kdnpq",-1,"iad1",-1,-1,"[RAG:vector-store] Upserted batch 1/1 to namespace: store-ce6e4e8d-c992-4a4f-b88f-6ef964c6cb2a","prj_8i22mimp6RO1WTRkdRfuqTTiWDzD","","","01JZQS3MYZJSE520N0M1R3WJ0V",""
"2025-07-09 14:23:21",1752071001166,"fini-tn.vercel.app/api/stores","GET","",-1,"n5vdn-1752071000995-ace76098f29a","Mozilla/5.0 (Macintosh; Intel Mac OS X 10_15_7) AppleWebKit/537.36 (KHTML, like Gecko) Chrome/137.0.0.0 Safari/537.36","warning","production","main","MISS","lambda","/api/stores","fini-tn.vercel.app","fini-tn.vercel.app","dpl_8DDpLa7pKcnQ48Pryerc5N3kdnpq",-1,"iad1",-1,-1,"[RAG:vector-store] Successfully upserted 1 chunks","prj_8i22mimp6RO1WTRkdRfuqTTiWDzD","","","01JZQS3MYZJSE520N0M1R3WJ0V",""
"2025-07-09 14:23:21",1752071001165,"fini-tn.vercel.app/api/stores","GET","",-1,"n5vdn-1752071000995-ace76098f29a","Mozilla/5.0 (Macintosh; Intel Mac OS X 10_15_7) AppleWebKit/537.36 (KHTML, like Gecko) Chrome/137.0.0.0 Safari/537.36","warning","production","main","MISS","lambda","/api/stores","fini-tn.vercel.app","fini-tn.vercel.app","dpl_8DDpLa7pKcnQ48Pryerc5N3kdnpq",-1,"iad1",-1,-1,"[RAG:vector-store] Upserted batch 1/1 to namespace: store-ce6e4e8d-c992-4a4f-b88f-6ef964c6cb2a","prj_8i22mimp6RO1WTRkdRfuqTTiWDzD","","","01JZQS3MYZJSE520N0M1R3WJ0V",""
"2025-07-09 14:23:21",1752071001094,"fini-tn.vercel.app/api/user/ensure-profile","POST","",-1,"bzw4w-1752071000991-047df1f98cb4","Mozilla/5.0 (Macintosh; Intel Mac OS X 10_15_7) AppleWebKit/537.36 (KHTML, like Gecko) Chrome/137.0.0.0 Safari/537.36","warning","production","main","MISS","lambda","/api/user/ensure-profile","fini-tn.vercel.app","fini-tn.vercel.app","dpl_8DDpLa7pKcnQ48Pryerc5N3kdnpq",-1,"iad1",-1,-1,"[RAG:SECURITY] Creating namespace for store ce6e4e8d-c992-4a4f-b88f-6ef964c6cb2a, type: customers","prj_8i22mimp6RO1WTRkdRfuqTTiWDzD","","","01JZQS3MYV3WJ9M0SPDQ2NFX9W",""
"2025-07-09 14:23:21",1752071001094,"fini-tn.vercel.app/api/dashboard/stats","GET","",-1,"j2hww-1752071000995-389d3d8b2184","Mozilla/5.0 (Macintosh; Intel Mac OS X 10_15_7) AppleWebKit/537.36 (KHTML, like Gecko) Chrome/137.0.0.0 Safari/537.36","warning","production","main","MISS","lambda","/api/dashboard/stats","fini-tn.vercel.app","fini-tn.vercel.app","dpl_8DDpLa7pKcnQ48Pryerc5N3kdnpq",-1,"iad1",-1,-1,"[RAG:SECURITY] Creating namespace for store ce6e4e8d-c992-4a4f-b88f-6ef964c6cb2a, type: orders","prj_8i22mimp6RO1WTRkdRfuqTTiWDzD","","","01JZQS3MZ0PCZ9VH9KNXDTSFA6",""
"2025-07-09 14:23:21",1752071001094,"fini-tn.vercel.app/api/dashboard/stats","GET","",-1,"j2hww-1752071000995-389d3d8b2184","Mozilla/5.0 (Macintosh; Intel Mac OS X 10_15_7) AppleWebKit/537.36 (KHTML, like Gecko) Chrome/137.0.0.0 Safari/537.36","warning","production","main","MISS","lambda","/api/dashboard/stats","fini-tn.vercel.app","fini-tn.vercel.app","dpl_8DDpLa7pKcnQ48Pryerc5N3kdnpq",-1,"iad1",-1,-1,"[RAG:vector-store] Upserting 1 chunks to Pinecone","prj_8i22mimp6RO1WTRkdRfuqTTiWDzD","","","01JZQS3MZ0PCZ9VH9KNXDTSFA6",""
"2025-07-09 14:23:21",1752071001094,"fini-tn.vercel.app/api/dashboard/stats","GET","",-1,"j2hww-1752071000995-389d3d8b2184","Mozilla/5.0 (Macintosh; Intel Mac OS X 10_15_7) AppleWebKit/537.36 (KHTML, like Gecko) Chrome/137.0.0.0 Safari/537.36","warning","production","main","MISS","lambda","/api/dashboard/stats","fini-tn.vercel.app","fini-tn.vercel.app","dpl_8DDpLa7pKcnQ48Pryerc5N3kdnpq",-1,"iad1",-1,-1,"[RAG:embeddings] Generated 1 embeddings successfully","prj_8i22mimp6RO1WTRkdRfuqTTiWDzD","","","01JZQS3MZ0PCZ9VH9KNXDTSFA6",""
"2025-07-09 14:23:21",1752071001094,"fini-tn.vercel.app/api/dashboard/stats","GET","",-1,"j2hww-1752071000995-389d3d8b2184","Mozilla/5.0 (Macintosh; Intel Mac OS X 10_15_7) AppleWebKit/537.36 (KHTML, like Gecko) Chrome/137.0.0.0 Safari/537.36","warning","production","main","MISS","lambda","/api/dashboard/stats","fini-tn.vercel.app","fini-tn.vercel.app","dpl_8DDpLa7pKcnQ48Pryerc5N3kdnpq",-1,"iad1",-1,-1,"[RAG:embeddings] Processed batch 1/1","prj_8i22mimp6RO1WTRkdRfuqTTiWDzD","","","01JZQS3MZ0PCZ9VH9KNXDTSFA6",""
"2025-07-09 14:23:21",1752071001093,"fini-tn.vercel.app/api/user/ensure-profile","POST","",-1,"bzw4w-1752071000991-047df1f98cb4","Mozilla/5.0 (Macintosh; Intel Mac OS X 10_15_7) AppleWebKit/537.36 (KHTML, like Gecko) Chrome/137.0.0.0 Safari/537.36","warning","production","main","MISS","lambda","/api/user/ensure-profile","fini-tn.vercel.app","fini-tn.vercel.app","dpl_8DDpLa7pKcnQ48Pryerc5N3kdnpq",-1,"iad1",-1,-1,"[RAG:vector-store] Upserting 1 chunks to Pinecone","prj_8i22mimp6RO1WTRkdRfuqTTiWDzD","","","01JZQS3MYV3WJ9M0SPDQ2NFX9W",""
"2025-07-09 14:23:21",1752071001093,"fini-tn.vercel.app/api/user/ensure-profile","POST","",-1,"bzw4w-1752071000991-047df1f98cb4","Mozilla/5.0 (Macintosh; Intel Mac OS X 10_15_7) AppleWebKit/537.36 (KHTML, like Gecko) Chrome/137.0.0.0 Safari/537.36","warning","production","main","MISS","lambda","/api/user/ensure-profile","fini-tn.vercel.app","fini-tn.vercel.app","dpl_8DDpLa7pKcnQ48Pryerc5N3kdnpq",-1,"iad1",-1,-1,"[RAG:embeddings] Generated 1 embeddings successfully","prj_8i22mimp6RO1WTRkdRfuqTTiWDzD","","","01JZQS3MYV3WJ9M0SPDQ2NFX9W",""
"2025-07-09 14:23:21",1752071001093,"fini-tn.vercel.app/api/user/ensure-profile","POST","",-1,"bzw4w-1752071000991-047df1f98cb4","Mozilla/5.0 (Macintosh; Intel Mac OS X 10_15_7) AppleWebKit/537.36 (KHTML, like Gecko) Chrome/137.0.0.0 Safari/537.36","warning","production","main","MISS","lambda","/api/user/ensure-profile","fini-tn.vercel.app","fini-tn.vercel.app","dpl_8DDpLa7pKcnQ48Pryerc5N3kdnpq",-1,"iad1",-1,-1,"[RAG:embeddings] Processed batch 1/1","prj_8i22mimp6RO1WTRkdRfuqTTiWDzD","","","01JZQS3MYV3WJ9M0SPDQ2NFX9W",""
"2025-07-09 14:23:21",1752071001091,"fini-tn.vercel.app/api/dashboard/stats","GET","",-1,"j2hww-1752071000995-389d3d8b2184","Mozilla/5.0 (Macintosh; Intel Mac OS X 10_15_7) AppleWebKit/537.36 (KHTML, like Gecko) Chrome/137.0.0.0 Safari/537.36","warning","production","main","MISS","lambda","/api/dashboard/stats","fini-tn.vercel.app","fini-tn.vercel.app","dpl_8DDpLa7pKcnQ48Pryerc5N3kdnpq",-1,"iad1",-1,-1,"Using the user object as returned from supabase.auth.getSession() or from some supabase.auth.onAuthStateChange() events could be insecure! This value comes directly from the storage medium (usually cookies on the server) and may not be authentic. Use supabase.auth.getUser() instead which authenticates the data by contacting the Supabase Auth server.","prj_8i22mimp6RO1WTRkdRfuqTTiWDzD","","","01JZQS3MZ0PCZ9VH9KNXDTSFA6",""
"2025-07-09 14:23:21",1752071001090,"fini-tn.vercel.app/api/user/ensure-profile","POST","",-1,"bzw4w-1752071000991-047df1f98cb4","Mozilla/5.0 (Macintosh; Intel Mac OS X 10_15_7) AppleWebKit/537.36 (KHTML, like Gecko) Chrome/137.0.0.0 Safari/537.36","warning","production","main","MISS","lambda","/api/user/ensure-profile","fini-tn.vercel.app","fini-tn.vercel.app","dpl_8DDpLa7pKcnQ48Pryerc5N3kdnpq",-1,"iad1",-1,-1,"[RAG:SECURITY] Creating namespace for store ce6e4e8d-c992-4a4f-b88f-6ef964c6cb2a, type: analytics","prj_8i22mimp6RO1WTRkdRfuqTTiWDzD","","","01JZQS3MYV3WJ9M0SPDQ2NFX9W",""
"2025-07-09 14:23:21",1752071001088,"fini-tn.vercel.app/api/user/ensure-profile","POST","",-1,"bzw4w-1752071000991-047df1f98cb4","Mozilla/5.0 (Macintosh; Intel Mac OS X 10_15_7) AppleWebKit/537.36 (KHTML, like Gecko) Chrome/137.0.0.0 Safari/537.36","warning","production","main","MISS","lambda","/api/user/ensure-profile","fini-tn.vercel.app","fini-tn.vercel.app","dpl_8DDpLa7pKcnQ48Pryerc5N3kdnpq",-1,"iad1",-1,-1,"[RAG:vector-store] Upserting 1 chunks to Pinecone","prj_8i22mimp6RO1WTRkdRfuqTTiWDzD","","","01JZQS3MYV3WJ9M0SPDQ2NFX9W",""
"2025-07-09 14:23:21",1752071001088,"fini-tn.vercel.app/api/user/ensure-profile","POST","",-1,"bzw4w-1752071000991-047df1f98cb4","Mozilla/5.0 (Macintosh; Intel Mac OS X 10_15_7) AppleWebKit/537.36 (KHTML, like Gecko) Chrome/137.0.0.0 Safari/537.36","warning","production","main","MISS","lambda","/api/user/ensure-profile","fini-tn.vercel.app","fini-tn.vercel.app","dpl_8DDpLa7pKcnQ48Pryerc5N3kdnpq",-1,"iad1",-1,-1,"[RAG:embeddings] Generated 1 embeddings successfully","prj_8i22mimp6RO1WTRkdRfuqTTiWDzD","","","01JZQS3MYV3WJ9M0SPDQ2NFX9W",""
"2025-07-09 14:23:21",1752071001088,"fini-tn.vercel.app/api/user/ensure-profile","POST","",-1,"bzw4w-1752071000991-047df1f98cb4","Mozilla/5.0 (Macintosh; Intel Mac OS X 10_15_7) AppleWebKit/537.36 (KHTML, like Gecko) Chrome/137.0.0.0 Safari/537.36","warning","production","main","MISS","lambda","/api/user/ensure-profile","fini-tn.vercel.app","fini-tn.vercel.app","dpl_8DDpLa7pKcnQ48Pryerc5N3kdnpq",-1,"iad1",-1,-1,"[RAG:embeddings] Processed batch 1/1","prj_8i22mimp6RO1WTRkdRfuqTTiWDzD","","","01JZQS3MYV3WJ9M0SPDQ2NFX9W",""
"2025-07-09 14:23:21",1752071001087,"fini-tn.vercel.app/api/user/ensure-profile","POST","",200,"9bp64-1752071001020-38a3ac8dea2e","Mozilla/5.0 (Macintosh; Intel Mac OS X 10_15_7) AppleWebKit/537.36 (KHTML, like Gecko) Chrome/137.0.0.0 Safari/537.36","info","production","main","MISS","lambda","/api/user/ensure-profile","fini-tn.vercel.app","fini-tn.vercel.app","dpl_8DDpLa7pKcnQ48Pryerc5N3kdnpq",111,"iad1",90,2048,"","prj_8i22mimp6RO1WTRkdRfuqTTiWDzD","","","01JZQS3MYXH9S3P4R0MPGYBTAQ","tDOS7Z6YzNdw"
"2025-07-09 14:23:21",1752071001056,"fini-tn.vercel.app/api/dashboard/stats","GET","",200,"j2hww-1752071000995-389d3d8b2184","Mozilla/5.0 (Macintosh; Intel Mac OS X 10_15_7) AppleWebKit/537.36 (KHTML, like Gecko) Chrome/137.0.0.0 Safari/537.36","info","production","main","MISS","lambda","/api/dashboard/stats","fini-tn.vercel.app","fini-tn.vercel.app","dpl_8DDpLa7pKcnQ48Pryerc5N3kdnpq",86,"iad1",157,2048,"","prj_8i22mimp6RO1WTRkdRfuqTTiWDzD","","","01JZQS3MZ0PCZ9VH9KNXDTSFA6","9ImX4tFIKDym"
"2025-07-09 14:23:21",1752071001055,"fini-tn.vercel.app/api/stores","GET","",200,"n5vdn-1752071000995-ace76098f29a","Mozilla/5.0 (Macintosh; Intel Mac OS X 10_15_7) AppleWebKit/537.36 (KHTML, like Gecko) Chrome/137.0.0.0 Safari/537.36","info","production","main","MISS","lambda","/api/stores","fini-tn.vercel.app","fini-tn.vercel.app","dpl_8DDpLa7pKcnQ48Pryerc5N3kdnpq",172,"iad1",120,2048,"","prj_8i22mimp6RO1WTRkdRfuqTTiWDzD","","","01JZQS3MYZJSE520N0M1R3WJ0V","9ImX4tFIKDym"
"2025-07-09 14:23:21",1752071001053,"fini-tn.vercel.app/api/user/ensure-profile","POST","",200,"tslps-1752071000993-9e061d272748","Mozilla/5.0 (Macintosh; Intel Mac OS X 10_15_7) AppleWebKit/537.36 (KHTML, like Gecko) Chrome/137.0.0.0 Safari/537.36","info","production","main","MISS","lambda","/api/user/ensure-profile","fini-tn.vercel.app","fini-tn.vercel.app","dpl_8DDpLa7pKcnQ48Pryerc5N3kdnpq",131,"iad1",90,2048,"","prj_8i22mimp6RO1WTRkdRfuqTTiWDzD","","","01JZQS3MYXH9S3P4R0MPGYBTAQ","tDOS7Z6YzNdw"
"2025-07-09 14:23:21",1752071001051,"fini-tn.vercel.app/api/user/ensure-profile","POST","",200,"bzw4w-1752071000991-047df1f98cb4","Mozilla/5.0 (Macintosh; Intel Mac OS X 10_15_7) AppleWebKit/537.36 (KHTML, like Gecko) Chrome/137.0.0.0 Safari/537.36","info","production","main","MISS","lambda","/api/user/ensure-profile","fini-tn.vercel.app","fini-tn.vercel.app","dpl_8DDpLa7pKcnQ48Pryerc5N3kdnpq",133,"iad1",140,2048,"","prj_8i22mimp6RO1WTRkdRfuqTTiWDzD","","","01JZQS3MYV3WJ9M0SPDQ2NFX9W","TG6liQoJzmuM"
"2025-07-09 14:23:20",1752071000799,"fini-tn.vercel.app/api/stores/auto-sync-scheduler","POST","",-1,"n5vdn-1752071000369-8648f27db092","Mozilla/5.0 (Macintosh; Intel Mac OS X 10_15_7) AppleWebKit/537.36 (KHTML, like Gecko) Chrome/137.0.0.0 Safari/537.36","warning","production","main","MISS","lambda","/api/stores/auto-sync-scheduler","fini-tn.vercel.app","fini-tn.vercel.app","dpl_8DDpLa7pKcnQ48Pryerc5N3kdnpq",-1,"iad1",-1,-1,"[RAG:embeddings] Generating 1 embeddings in batch","prj_8i22mimp6RO1WTRkdRfuqTTiWDzD","","","01JZQS3MH4XE6TJ5A5N9YM37W3",""
"2025-07-09 14:23:20",1752071000799,"fini-tn.vercel.app/api/stores/auto-sync-scheduler","POST","",-1,"n5vdn-1752071000369-8648f27db092","Mozilla/5.0 (Macintosh; Intel Mac OS X 10_15_7) AppleWebKit/537.36 (KHTML, like Gecko) Chrome/137.0.0.0 Safari/537.36","warning","production","main","MISS","lambda","/api/stores/auto-sync-scheduler","fini-tn.vercel.app","fini-tn.vercel.app","dpl_8DDpLa7pKcnQ48Pryerc5N3kdnpq",-1,"iad1",-1,-1,"[RAG:processor] Created 1 chunks from document","prj_8i22mimp6RO1WTRkdRfuqTTiWDzD","","","01JZQS3MH4XE6TJ5A5N9YM37W3",""
"2025-07-09 14:23:20",1752071000799,"fini-tn.vercel.app/api/stores/auto-sync-scheduler","POST","",-1,"n5vdn-1752071000369-8648f27db092","Mozilla/5.0 (Macintosh; Intel Mac OS X 10_15_7) AppleWebKit/537.36 (KHTML, like Gecko) Chrome/137.0.0.0 Safari/537.36","warning","production","main","MISS","lambda","/api/stores/auto-sync-scheduler","fini-tn.vercel.app","fini-tn.vercel.app","dpl_8DDpLa7pKcnQ48Pryerc5N3kdnpq",-1,"iad1",-1,-1,"[RAG:processor] Processing document of type: conversations","prj_8i22mimp6RO1WTRkdRfuqTTiWDzD","","","01JZQS3MH4XE6TJ5A5N9YM37W3",""
"2025-07-09 14:23:20",1752071000799,"fini-tn.vercel.app/api/stores/auto-sync-scheduler","POST","",-1,"n5vdn-1752071000369-8648f27db092","Mozilla/5.0 (Macintosh; Intel Mac OS X 10_15_7) AppleWebKit/537.36 (KHTML, like Gecko) Chrome/137.0.0.0 Safari/537.36","warning","production","main","MISS","lambda","/api/stores/auto-sync-scheduler","fini-tn.vercel.app","fini-tn.vercel.app","dpl_8DDpLa7pKcnQ48Pryerc5N3kdnpq",-1,"iad1",-1,-1,"[RAG:embeddings] Generating 1 embeddings in batch","prj_8i22mimp6RO1WTRkdRfuqTTiWDzD","","","01JZQS3MH4XE6TJ5A5N9YM37W3",""
"2025-07-09 14:23:20",1752071000799,"fini-tn.vercel.app/api/stores/auto-sync-scheduler","POST","",-1,"n5vdn-1752071000369-8648f27db092","Mozilla/5.0 (Macintosh; Intel Mac OS X 10_15_7) AppleWebKit/537.36 (KHTML, like Gecko) Chrome/137.0.0.0 Safari/537.36","warning","production","main","MISS","lambda","/api/stores/auto-sync-scheduler","fini-tn.vercel.app","fini-tn.vercel.app","dpl_8DDpLa7pKcnQ48Pryerc5N3kdnpq",-1,"iad1",-1,-1,"[RAG:processor] Created 1 chunks from document","prj_8i22mimp6RO1WTRkdRfuqTTiWDzD","","","01JZQS3MH4XE6TJ5A5N9YM37W3",""
"2025-07-09 14:23:20",1752071000799,"fini-tn.vercel.app/api/stores/auto-sync-scheduler","POST","",-1,"n5vdn-1752071000369-8648f27db092","Mozilla/5.0 (Macintosh; Intel Mac OS X 10_15_7) AppleWebKit/537.36 (KHTML, like Gecko) Chrome/137.0.0.0 Safari/537.36","warning","production","main","MISS","lambda","/api/stores/auto-sync-scheduler","fini-tn.vercel.app","fini-tn.vercel.app","dpl_8DDpLa7pKcnQ48Pryerc5N3kdnpq",-1,"iad1",-1,-1,"[RAG:processor] Processing document of type: analytics","prj_8i22mimp6RO1WTRkdRfuqTTiWDzD","","","01JZQS3MH4XE6TJ5A5N9YM37W3",""
"2025-07-09 14:23:20",1752071000799,"fini-tn.vercel.app/api/stores/auto-sync-scheduler","POST","",-1,"n5vdn-1752071000369-8648f27db092","Mozilla/5.0 (Macintosh; Intel Mac OS X 10_15_7) AppleWebKit/537.36 (KHTML, like Gecko) Chrome/137.0.0.0 Safari/537.36","warning","production","main","MISS","lambda","/api/stores/auto-sync-scheduler","fini-tn.vercel.app","fini-tn.vercel.app","dpl_8DDpLa7pKcnQ48Pryerc5N3kdnpq",-1,"iad1",-1,-1,"[RAG:embeddings] Generating 1 embeddings in batch","prj_8i22mimp6RO1WTRkdRfuqTTiWDzD","","","01JZQS3MH4XE6TJ5A5N9YM37W3",""
"2025-07-09 14:23:20",1752071000799,"fini-tn.vercel.app/api/stores/auto-sync-scheduler","POST","",-1,"n5vdn-1752071000369-8648f27db092","Mozilla/5.0 (Macintosh; Intel Mac OS X 10_15_7) AppleWebKit/537.36 (KHTML, like Gecko) Chrome/137.0.0.0 Safari/537.36","warning","production","main","MISS","lambda","/api/stores/auto-sync-scheduler","fini-tn.vercel.app","fini-tn.vercel.app","dpl_8DDpLa7pKcnQ48Pryerc5N3kdnpq",-1,"iad1",-1,-1,"[RAG:processor] Created 1 chunks from document","prj_8i22mimp6RO1WTRkdRfuqTTiWDzD","","","01JZQS3MH4XE6TJ5A5N9YM37W3",""
"2025-07-09 14:23:20",1752071000799,"fini-tn.vercel.app/api/stores/auto-sync-scheduler","POST","",-1,"n5vdn-1752071000369-8648f27db092","Mozilla/5.0 (Macintosh; Intel Mac OS X 10_15_7) AppleWebKit/537.36 (KHTML, like Gecko) Chrome/137.0.0.0 Safari/537.36","warning","production","main","MISS","lambda","/api/stores/auto-sync-scheduler","fini-tn.vercel.app","fini-tn.vercel.app","dpl_8DDpLa7pKcnQ48Pryerc5N3kdnpq",-1,"iad1",-1,-1,"[RAG:processor] Processing document of type: customers","prj_8i22mimp6RO1WTRkdRfuqTTiWDzD","","","01JZQS3MH4XE6TJ5A5N9YM37W3",""
"2025-07-09 14:23:20",1752071000799,"fini-tn.vercel.app/api/stores/auto-sync-scheduler","POST","",-1,"n5vdn-1752071000369-8648f27db092","Mozilla/5.0 (Macintosh; Intel Mac OS X 10_15_7) AppleWebKit/537.36 (KHTML, like Gecko) Chrome/137.0.0.0 Safari/537.36","warning","production","main","MISS","lambda","/api/stores/auto-sync-scheduler","fini-tn.vercel.app","fini-tn.vercel.app","dpl_8DDpLa7pKcnQ48Pryerc5N3kdnpq",-1,"iad1",-1,-1,"[RAG:embeddings] Generating 1 embeddings in batch","prj_8i22mimp6RO1WTRkdRfuqTTiWDzD","","","01JZQS3MH4XE6TJ5A5N9YM37W3",""
"2025-07-09 14:23:20",1752071000799,"fini-tn.vercel.app/api/stores/auto-sync-scheduler","POST","",-1,"n5vdn-1752071000369-8648f27db092","Mozilla/5.0 (Macintosh; Intel Mac OS X 10_15_7) AppleWebKit/537.36 (KHTML, like Gecko) Chrome/137.0.0.0 Safari/537.36","warning","production","main","MISS","lambda","/api/stores/auto-sync-scheduler","fini-tn.vercel.app","fini-tn.vercel.app","dpl_8DDpLa7pKcnQ48Pryerc5N3kdnpq",-1,"iad1",-1,-1,"[RAG:processor] Created 1 chunks from document","prj_8i22mimp6RO1WTRkdRfuqTTiWDzD","","","01JZQS3MH4XE6TJ5A5N9YM37W3",""
"2025-07-09 14:23:20",1752071000798,"fini-tn.vercel.app/api/stores/auto-sync-scheduler","POST","",-1,"n5vdn-1752071000369-8648f27db092","Mozilla/5.0 (Macintosh; Intel Mac OS X 10_15_7) AppleWebKit/537.36 (KHTML, like Gecko) Chrome/137.0.0.0 Safari/537.36","warning","production","main","MISS","lambda","/api/stores/auto-sync-scheduler","fini-tn.vercel.app","fini-tn.vercel.app","dpl_8DDpLa7pKcnQ48Pryerc5N3kdnpq",-1,"iad1",-1,-1,"[RAG:processor] Processing document of type: orders","prj_8i22mimp6RO1WTRkdRfuqTTiWDzD","","","01JZQS3MH4XE6TJ5A5N9YM37W3",""
"2025-07-09 14:23:20",1752071000798,"fini-tn.vercel.app/api/stores/auto-sync-scheduler","POST","",-1,"n5vdn-1752071000369-8648f27db092","Mozilla/5.0 (Macintosh; Intel Mac OS X 10_15_7) AppleWebKit/537.36 (KHTML, like Gecko) Chrome/137.0.0.0 Safari/537.36","warning","production","main","MISS","lambda","/api/stores/auto-sync-scheduler","fini-tn.vercel.app","fini-tn.vercel.app","dpl_8DDpLa7pKcnQ48Pryerc5N3kdnpq",-1,"iad1",-1,-1,"[RAG:embeddings] Generating 1 embeddings in batch","prj_8i22mimp6RO1WTRkdRfuqTTiWDzD","","","01JZQS3MH4XE6TJ5A5N9YM37W3",""
"2025-07-09 14:23:20",1752071000798,"fini-tn.vercel.app/api/stores/auto-sync-scheduler","POST","",-1,"n5vdn-1752071000369-8648f27db092","Mozilla/5.0 (Macintosh; Intel Mac OS X 10_15_7) AppleWebKit/537.36 (KHTML, like Gecko) Chrome/137.0.0.0 Safari/537.36","warning","production","main","MISS","lambda","/api/stores/auto-sync-scheduler","fini-tn.vercel.app","fini-tn.vercel.app","dpl_8DDpLa7pKcnQ48Pryerc5N3kdnpq",-1,"iad1",-1,-1,"[RAG:processor] Created 1 chunks from document","prj_8i22mimp6RO1WTRkdRfuqTTiWDzD","","","01JZQS3MH4XE6TJ5A5N9YM37W3",""
"2025-07-09 14:23:20",1752071000798,"fini-tn.vercel.app/api/stores/auto-sync-scheduler","POST","",-1,"n5vdn-1752071000369-8648f27db092","Mozilla/5.0 (Macintosh; Intel Mac OS X 10_15_7) AppleWebKit/537.36 (KHTML, like Gecko) Chrome/137.0.0.0 Safari/537.36","warning","production","main","MISS","lambda","/api/stores/auto-sync-scheduler","fini-tn.vercel.app","fini-tn.vercel.app","dpl_8DDpLa7pKcnQ48Pryerc5N3kdnpq",-1,"iad1",-1,-1,"[RAG:processor] Processing document of type: products","prj_8i22mimp6RO1WTRkdRfuqTTiWDzD","","","01JZQS3MH4XE6TJ5A5N9YM37W3",""
"2025-07-09 14:23:20",1752071000797,"fini-tn.vercel.app/api/stores/auto-sync-scheduler","POST","",-1,"n5vdn-1752071000369-8648f27db092","Mozilla/5.0 (Macintosh; Intel Mac OS X 10_15_7) AppleWebKit/537.36 (KHTML, like Gecko) Chrome/137.0.0.0 Safari/537.36","warning","production","main","MISS","lambda","/api/stores/auto-sync-scheduler","fini-tn.vercel.app","fini-tn.vercel.app","dpl_8DDpLa7pKcnQ48Pryerc5N3kdnpq",-1,"iad1",-1,-1,"[RAG:embeddings] Generating 1 embeddings in batch","prj_8i22mimp6RO1WTRkdRfuqTTiWDzD","","","01JZQS3MH4XE6TJ5A5N9YM37W3",""
"2025-07-09 14:23:20",1752071000797,"fini-tn.vercel.app/api/stores/auto-sync-scheduler","POST","",-1,"n5vdn-1752071000369-8648f27db092","Mozilla/5.0 (Macintosh; Intel Mac OS X 10_15_7) AppleWebKit/537.36 (KHTML, like Gecko) Chrome/137.0.0.0 Safari/537.36","warning","production","main","MISS","lambda","/api/stores/auto-sync-scheduler","fini-tn.vercel.app","fini-tn.vercel.app","dpl_8DDpLa7pKcnQ48Pryerc5N3kdnpq",-1,"iad1",-1,-1,"[RAG:processor] Created 1 chunks from document","prj_8i22mimp6RO1WTRkdRfuqTTiWDzD","","","01JZQS3MH4XE6TJ5A5N9YM37W3",""
"2025-07-09 14:23:20",1752071000797,"fini-tn.vercel.app/api/stores/auto-sync-scheduler","POST","",-1,"n5vdn-1752071000369-8648f27db092","Mozilla/5.0 (Macintosh; Intel Mac OS X 10_15_7) AppleWebKit/537.36 (KHTML, like Gecko) Chrome/137.0.0.0 Safari/537.36","warning","production","main","MISS","lambda","/api/stores/auto-sync-scheduler","fini-tn.vercel.app","fini-tn.vercel.app","dpl_8DDpLa7pKcnQ48Pryerc5N3kdnpq",-1,"iad1",-1,-1,"[RAG:processor] Processing document of type: store","prj_8i22mimp6RO1WTRkdRfuqTTiWDzD","","","01JZQS3MH4XE6TJ5A5N9YM37W3",""
"2025-07-09 14:23:20",1752071000666,"fini-tn.vercel.app/api/stores/auto-sync-scheduler","POST","",-1,"dhmt4-1752071000400-8441a48ee5c3","Mozilla/5.0 (Macintosh; Intel Mac OS X 10_15_7) AppleWebKit/537.36 (KHTML, like Gecko) Chrome/137.0.0.0 Safari/537.36","warning","production","main","MISS","lambda","/api/stores/auto-sync-scheduler","fini-tn.vercel.app","fini-tn.vercel.app","dpl_8DDpLa7pKcnQ48Pryerc5N3kdnpq",-1,"iad1",-1,-1,"[RAG:SECURITY] Creating namespace for store ce6e4e8d-c992-4a4f-b88f-6ef964c6cb2a, type: store","prj_8i22mimp6RO1WTRkdRfuqTTiWDzD","","","01JZQS3MH4XE6TJ5A5N6PCZF6Z",""
"2025-07-09 14:23:20",1752071000666,"fini-tn.vercel.app/api/stores/auto-sync-scheduler","POST","",-1,"dhmt4-1752071000400-8441a48ee5c3","Mozilla/5.0 (Macintosh; Intel Mac OS X 10_15_7) AppleWebKit/537.36 (KHTML, like Gecko) Chrome/137.0.0.0 Safari/537.36","warning","production","main","MISS","lambda","/api/stores/auto-sync-scheduler","fini-tn.vercel.app","fini-tn.vercel.app","dpl_8DDpLa7pKcnQ48Pryerc5N3kdnpq",-1,"iad1",-1,-1,"[RAG:vector-store] Upserting 1 chunks to Pinecone","prj_8i22mimp6RO1WTRkdRfuqTTiWDzD","","","01JZQS3MH4XE6TJ5A5N6PCZF6Z",""
"2025-07-09 14:23:20",1752071000666,"fini-tn.vercel.app/api/stores/auto-sync-scheduler","POST","",-1,"dhmt4-1752071000400-8441a48ee5c3","Mozilla/5.0 (Macintosh; Intel Mac OS X 10_15_7) AppleWebKit/537.36 (KHTML, like Gecko) Chrome/137.0.0.0 Safari/537.36","warning","production","main","MISS","lambda","/api/stores/auto-sync-scheduler","fini-tn.vercel.app","fini-tn.vercel.app","dpl_8DDpLa7pKcnQ48Pryerc5N3kdnpq",-1,"iad1",-1,-1,"[RAG:embeddings] Generated 1 embeddings successfully","prj_8i22mimp6RO1WTRkdRfuqTTiWDzD","","","01JZQS3MH4XE6TJ5A5N6PCZF6Z",""
"2025-07-09 14:23:20",1752071000666,"fini-tn.vercel.app/api/stores/auto-sync-scheduler","POST","",-1,"dhmt4-1752071000400-8441a48ee5c3","Mozilla/5.0 (Macintosh; Intel Mac OS X 10_15_7) AppleWebKit/537.36 (KHTML, like Gecko) Chrome/137.0.0.0 Safari/537.36","warning","production","main","MISS","lambda","/api/stores/auto-sync-scheduler","fini-tn.vercel.app","fini-tn.vercel.app","dpl_8DDpLa7pKcnQ48Pryerc5N3kdnpq",-1,"iad1",-1,-1,"[RAG:embeddings] Processed batch 1/1","prj_8i22mimp6RO1WTRkdRfuqTTiWDzD","","","01JZQS3MH4XE6TJ5A5N6PCZF6Z",""
"2025-07-09 14:23:20",1752071000663,"fini-tn.vercel.app/api/stores/auto-sync-scheduler","POST","",-1,"dhmt4-1752071000400-8441a48ee5c3","Mozilla/5.0 (Macintosh; Intel Mac OS X 10_15_7) AppleWebKit/537.36 (KHTML, like Gecko) Chrome/137.0.0.0 Safari/537.36","warning","production","main","MISS","lambda","/api/stores/auto-sync-scheduler","fini-tn.vercel.app","fini-tn.vercel.app","dpl_8DDpLa7pKcnQ48Pryerc5N3kdnpq",-1,"iad1",-1,-1,"[RAG:SECURITY] Creating namespace for store ce6e4e8d-c992-4a4f-b88f-6ef964c6cb2a, type: products","prj_8i22mimp6RO1WTRkdRfuqTTiWDzD","","","01JZQS3MH4XE6TJ5A5N6PCZF6Z",""
"2025-07-09 14:23:20",1752071000663,"fini-tn.vercel.app/api/stores/auto-sync-scheduler","POST","",-1,"dhmt4-1752071000400-8441a48ee5c3","Mozilla/5.0 (Macintosh; Intel Mac OS X 10_15_7) AppleWebKit/537.36 (KHTML, like Gecko) Chrome/137.0.0.0 Safari/537.36","warning","production","main","MISS","lambda","/api/stores/auto-sync-scheduler","fini-tn.vercel.app","fini-tn.vercel.app","dpl_8DDpLa7pKcnQ48Pryerc5N3kdnpq",-1,"iad1",-1,-1,"[RAG:vector-store] Upserting 1 chunks to Pinecone","prj_8i22mimp6RO1WTRkdRfuqTTiWDzD","","","01JZQS3MH4XE6TJ5A5N6PCZF6Z",""
"2025-07-09 14:23:20",1752071000663,"fini-tn.vercel.app/api/stores/auto-sync-scheduler","POST","",-1,"dhmt4-1752071000400-8441a48ee5c3","Mozilla/5.0 (Macintosh; Intel Mac OS X 10_15_7) AppleWebKit/537.36 (KHTML, like Gecko) Chrome/137.0.0.0 Safari/537.36","warning","production","main","MISS","lambda","/api/stores/auto-sync-scheduler","fini-tn.vercel.app","fini-tn.vercel.app","dpl_8DDpLa7pKcnQ48Pryerc5N3kdnpq",-1,"iad1",-1,-1,"[RAG:embeddings] Generated 1 embeddings successfully","prj_8i22mimp6RO1WTRkdRfuqTTiWDzD","","","01JZQS3MH4XE6TJ5A5N6PCZF6Z",""
"2025-07-09 14:23:20",1752071000663,"fini-tn.vercel.app/api/stores/auto-sync-scheduler","POST","",-1,"dhmt4-1752071000400-8441a48ee5c3","Mozilla/5.0 (Macintosh; Intel Mac OS X 10_15_7) AppleWebKit/537.36 (KHTML, like Gecko) Chrome/137.0.0.0 Safari/537.36","warning","production","main","MISS","lambda","/api/stores/auto-sync-scheduler","fini-tn.vercel.app","fini-tn.vercel.app","dpl_8DDpLa7pKcnQ48Pryerc5N3kdnpq",-1,"iad1",-1,-1,"[RAG:embeddings] Processed batch 1/1","prj_8i22mimp6RO1WTRkdRfuqTTiWDzD","","","01JZQS3MH4XE6TJ5A5N6PCZF6Z",""
"2025-07-09 14:23:20",1752071000652,"fini-tn.vercel.app/api/stores/auto-sync-scheduler","POST","",-1,"dhmt4-1752071000400-8441a48ee5c3","Mozilla/5.0 (Macintosh; Intel Mac OS X 10_15_7) AppleWebKit/537.36 (KHTML, like Gecko) Chrome/137.0.0.0 Safari/537.36","warning","production","main","MISS","lambda","/api/stores/auto-sync-scheduler","fini-tn.vercel.app","fini-tn.vercel.app","dpl_8DDpLa7pKcnQ48Pryerc5N3kdnpq",-1,"iad1",-1,-1,"[RAG:SECURITY] Creating namespace for store ce6e4e8d-c992-4a4f-b88f-6ef964c6cb2a, type: customers","prj_8i22mimp6RO1WTRkdRfuqTTiWDzD","","","01JZQS3MH4XE6TJ5A5N6PCZF6Z",""
"2025-07-09 14:23:20",1752071000651,"fini-tn.vercel.app/api/stores/auto-sync-scheduler","POST","",-1,"dhmt4-1752071000400-8441a48ee5c3","Mozilla/5.0 (Macintosh; Intel Mac OS X 10_15_7) AppleWebKit/537.36 (KHTML, like Gecko) Chrome/137.0.0.0 Safari/537.36","warning","production","main","MISS","lambda","/api/stores/auto-sync-scheduler","fini-tn.vercel.app","fini-tn.vercel.app","dpl_8DDpLa7pKcnQ48Pryerc5N3kdnpq",-1,"iad1",-1,-1,"[RAG:vector-store] Upserting 1 chunks to Pinecone","prj_8i22mimp6RO1WTRkdRfuqTTiWDzD","","","01JZQS3MH4XE6TJ5A5N6PCZF6Z",""
"2025-07-09 14:23:20",1752071000651,"fini-tn.vercel.app/api/stores/auto-sync-scheduler","POST","",-1,"dhmt4-1752071000400-8441a48ee5c3","Mozilla/5.0 (Macintosh; Intel Mac OS X 10_15_7) AppleWebKit/537.36 (KHTML, like Gecko) Chrome/137.0.0.0 Safari/537.36","warning","production","main","MISS","lambda","/api/stores/auto-sync-scheduler","fini-tn.vercel.app","fini-tn.vercel.app","dpl_8DDpLa7pKcnQ48Pryerc5N3kdnpq",-1,"iad1",-1,-1,"[RAG:embeddings] Generated 1 embeddings successfully","prj_8i22mimp6RO1WTRkdRfuqTTiWDzD","","","01JZQS3MH4XE6TJ5A5N6PCZF6Z",""
"2025-07-09 14:23:20",1752071000651,"fini-tn.vercel.app/api/stores/auto-sync-scheduler","POST","",-1,"dhmt4-1752071000400-8441a48ee5c3","Mozilla/5.0 (Macintosh; Intel Mac OS X 10_15_7) AppleWebKit/537.36 (KHTML, like Gecko) Chrome/137.0.0.0 Safari/537.36","warning","production","main","MISS","lambda","/api/stores/auto-sync-scheduler","fini-tn.vercel.app","fini-tn.vercel.app","dpl_8DDpLa7pKcnQ48Pryerc5N3kdnpq",-1,"iad1",-1,-1,"[RAG:embeddings] Processed batch 1/1","prj_8i22mimp6RO1WTRkdRfuqTTiWDzD","","","01JZQS3MH4XE6TJ5A5N6PCZF6Z",""
"2025-07-09 14:23:20",1752071000613,"fini-tn.vercel.app/api/stores/auto-sync-scheduler","POST","",200,"6q2vc-1752071000400-846c2d8d6323","Mozilla/5.0 (Macintosh; Intel Mac OS X 10_15_7) AppleWebKit/537.36 (KHTML, like Gecko) Chrome/137.0.0.0 Safari/537.36","info","production","main","MISS","lambda","/api/stores/auto-sync-scheduler","fini-tn.vercel.app","fini-tn.vercel.app","dpl_8DDpLa7pKcnQ48Pryerc5N3kdnpq",119,"iad1",131,2048,"","prj_8i22mimp6RO1WTRkdRfuqTTiWDzD","","","01JZQS3MH57WWVWYZGJSRGPY77","tDOS7Z6YzNdw"
"2025-07-09 14:23:20",1752071000612,"fini-tn.vercel.app/api/stores/auto-sync-scheduler","POST","",200,"n5vdn-1752071000369-8648f27db092","Mozilla/5.0 (Macintosh; Intel Mac OS X 10_15_7) AppleWebKit/537.36 (KHTML, like Gecko) Chrome/137.0.0.0 Safari/537.36","info","production","main","MISS","lambda","/api/stores/auto-sync-scheduler","fini-tn.vercel.app","fini-tn.vercel.app","dpl_8DDpLa7pKcnQ48Pryerc5N3kdnpq",262,"iad1",136,2048,"","prj_8i22mimp6RO1WTRkdRfuqTTiWDzD","","","01JZQS3MH4XE6TJ5A5N9YM37W3","TG6liQoJzmuM"
"2025-07-09 14:23:20",1752071000612,"fini-tn.vercel.app/api/stores/auto-sync-scheduler","POST","",200,"dhmt4-1752071000400-8441a48ee5c3","Mozilla/5.0 (Macintosh; Intel Mac OS X 10_15_7) AppleWebKit/537.36 (KHTML, like Gecko) Chrome/137.0.0.0 Safari/537.36","info","production","main","MISS","lambda","/api/stores/auto-sync-scheduler","fini-tn.vercel.app","fini-tn.vercel.app","dpl_8DDpLa7pKcnQ48Pryerc5N3kdnpq",146,"iad1",155,2048,"","prj_8i22mimp6RO1WTRkdRfuqTTiWDzD","","","01JZQS3MH4XE6TJ5A5N6PCZF6Z","9ImX4tFIKDym"
"2025-07-09 14:23:20",1752071000336,"fini-tn.vercel.app/api/stores/ce6e4e8d-c992-4a4f-b88f-6ef964c6cb2a/sync-rag","POST","",200,"rfrpj-1752071000276-3bf9e0c60e59","Mozilla/5.0 (Macintosh; Intel Mac OS X 10_15_7) AppleWebKit/537.36 (KHTML, like Gecko) Chrome/137.0.0.0 Safari/537.36","info","production","main","MISS","lambda","/api/stores/[id]/sync-rag","fini-tn.vercel.app","fini-tn.vercel.app","dpl_8DDpLa7pKcnQ48Pryerc5N3kdnpq",137,"iad1",86,2048,"","prj_8i22mimp6RO1WTRkdRfuqTTiWDzD","","","01JZQS3M5T69639X1T934S8W2B","TG6liQoJzmuM"
"2025-07-09 14:23:20",1752071000250,"fini-tn.vercel.app/api/whatsapp/numbers","GET","",200,"bzw4w-1752071000179-a753c167c024","Mozilla/5.0 (Macintosh; Intel Mac OS X 10_15_7) AppleWebKit/537.36 (KHTML, like Gecko) Chrome/137.0.0.0 Safari/537.36","info","production","main","MISS","lambda","/api/whatsapp/numbers","fini-tn.vercel.app","fini-tn.vercel.app","dpl_8DDpLa7pKcnQ48Pryerc5N3kdnpq",133,"iad1",86,2048,"","prj_8i22mimp6RO1WTRkdRfuqTTiWDzD","","","01JZQS3M5T69639X1T934S8W2B","TG6liQoJzmuM"
"2025-07-09 14:23:20",1752071000183,"fini-tn.vercel.app/favicon.svg","GET","",200,"rvscq-1752071000178-c365631e121a","Mozilla/5.0 (Macintosh; Intel Mac OS X 10_15_7) AppleWebKit/537.36 (KHTML, like Gecko) Chrome/137.0.0.0 Safari/537.36","info","production","main","MISS","edge-middleware","/src/middleware","fini-tn.vercel.app","fini-tn.vercel.app","dpl_8DDpLa7pKcnQ48Pryerc5N3kdnpq",-1,"gru1",-1,-1,"","prj_8i22mimp6RO1WTRkdRfuqTTiWDzD","","","01JZQS3M3QNJTDBGYXDDS9FB0T","0NQdcKh4ymEe"
"2025-07-09 14:23:20",1752071000052,"fini-tn.vercel.app/api/user/ensure-profile","POST","",200,"n5vdn-1752070999792-1cd9f224295a","Mozilla/5.0 (Macintosh; Intel Mac OS X 10_15_7) AppleWebKit/537.36 (KHTML, like Gecko) Chrome/137.0.0.0 Safari/537.36","info","production","main","MISS","lambda","/api/user/ensure-profile","fini-tn.vercel.app","fini-tn.vercel.app","dpl_8DDpLa7pKcnQ48Pryerc5N3kdnpq",166,"iad1",131,2048,"","prj_8i22mimp6RO1WTRkdRfuqTTiWDzD","","","01JZQS3KZM9T6JP1A19R22NZHX","TG6liQoJzmuM"
"2025-07-09 14:23:20",1752071000052,"fini-tn.vercel.app/api/user/ensure-profile","POST","",200,"tslps-1752070999792-189a39fc62bf","Mozilla/5.0 (Macintosh; Intel Mac OS X 10_15_7) AppleWebKit/537.36 (KHTML, like Gecko) Chrome/137.0.0.0 Safari/537.36","info","production","main","MISS","lambda","/api/user/ensure-profile","fini-tn.vercel.app","fini-tn.vercel.app","dpl_8DDpLa7pKcnQ48Pryerc5N3kdnpq",121,"iad1",131,2048,"","prj_8i22mimp6RO1WTRkdRfuqTTiWDzD","","","01JZQS3KZM9T6JP1A19RPET5YX","tDOS7Z6YzNdw"
"2025-07-09 14:23:20",1752071000051,"fini-tn.vercel.app/api/user/ensure-profile","POST","",200,"rfrpj-1752070999793-3715724cf18e","Mozilla/5.0 (Macintosh; Intel Mac OS X 10_15_7) AppleWebKit/537.36 (KHTML, like Gecko) Chrome/137.0.0.0 Safari/537.36","info","production","main","MISS","lambda","/api/user/ensure-profile","fini-tn.vercel.app","fini-tn.vercel.app","dpl_8DDpLa7pKcnQ48Pryerc5N3kdnpq",141,"iad1",108,2048,"","prj_8i22mimp6RO1WTRkdRfuqTTiWDzD","","","01JZQS3KSS7M3XZK2HC6NXGMAH","9ImX4tFIKDym"
"2025-07-09 14:23:19",1752070999908,"fini-tn.vercel.app/api/stores","GET","",-1,"2m45w-1752070999804-6c51245b1fe7","Mozilla/5.0 (Macintosh; Intel Mac OS X 10_15_7) AppleWebKit/537.36 (KHTML, like Gecko) Chrome/137.0.0.0 Safari/537.36","warning","production","main","MISS","lambda","/api/stores","fini-tn.vercel.app","fini-tn.vercel.app","dpl_8DDpLa7pKcnQ48Pryerc5N3kdnpq",-1,"iad1",-1,-1,"[RAG:embeddings] Generating 1 embeddings in batch","prj_8i22mimp6RO1WTRkdRfuqTTiWDzD","","","01JZQS3KSS7M3XZK2HC6NXGMAH",""
"2025-07-09 14:23:19",1752070999908,"fini-tn.vercel.app/api/stores","GET","",-1,"2m45w-1752070999804-6c51245b1fe7","Mozilla/5.0 (Macintosh; Intel Mac OS X 10_15_7) AppleWebKit/537.36 (KHTML, like Gecko) Chrome/137.0.0.0 Safari/537.36","warning","production","main","MISS","lambda","/api/stores","fini-tn.vercel.app","fini-tn.vercel.app","dpl_8DDpLa7pKcnQ48Pryerc5N3kdnpq",-1,"iad1",-1,-1,"[RAG:processor] Created 1 chunks from document","prj_8i22mimp6RO1WTRkdRfuqTTiWDzD","","","01JZQS3KSS7M3XZK2HC6NXGMAH",""
"2025-07-09 14:23:19",1752070999908,"fini-tn.vercel.app/api/stores","GET","",-1,"2m45w-1752070999804-6c51245b1fe7","Mozilla/5.0 (Macintosh; Intel Mac OS X 10_15_7) AppleWebKit/537.36 (KHTML, like Gecko) Chrome/137.0.0.0 Safari/537.36","warning","production","main","MISS","lambda","/api/stores","fini-tn.vercel.app","fini-tn.vercel.app","dpl_8DDpLa7pKcnQ48Pryerc5N3kdnpq",-1,"iad1",-1,-1,"[RAG:processor] Processing document of type: conversations","prj_8i22mimp6RO1WTRkdRfuqTTiWDzD","","","01JZQS3KSS7M3XZK2HC6NXGMAH",""
"2025-07-09 14:23:19",1752070999908,"fini-tn.vercel.app/api/stores","GET","",-1,"2m45w-1752070999804-6c51245b1fe7","Mozilla/5.0 (Macintosh; Intel Mac OS X 10_15_7) AppleWebKit/537.36 (KHTML, like Gecko) Chrome/137.0.0.0 Safari/537.36","warning","production","main","MISS","lambda","/api/stores","fini-tn.vercel.app","fini-tn.vercel.app","dpl_8DDpLa7pKcnQ48Pryerc5N3kdnpq",-1,"iad1",-1,-1,"[RAG:embeddings] Generating 1 embeddings in batch","prj_8i22mimp6RO1WTRkdRfuqTTiWDzD","","","01JZQS3KSS7M3XZK2HC6NXGMAH",""
"2025-07-09 14:23:19",1752070999908,"fini-tn.vercel.app/api/stores","GET","",-1,"2m45w-1752070999804-6c51245b1fe7","Mozilla/5.0 (Macintosh; Intel Mac OS X 10_15_7) AppleWebKit/537.36 (KHTML, like Gecko) Chrome/137.0.0.0 Safari/537.36","warning","production","main","MISS","lambda","/api/stores","fini-tn.vercel.app","fini-tn.vercel.app","dpl_8DDpLa7pKcnQ48Pryerc5N3kdnpq",-1,"iad1",-1,-1,"[RAG:processor] Created 1 chunks from document","prj_8i22mimp6RO1WTRkdRfuqTTiWDzD","","","01JZQS3KSS7M3XZK2HC6NXGMAH",""
"2025-07-09 14:23:19",1752070999908,"fini-tn.vercel.app/api/stores","GET","",-1,"2m45w-1752070999804-6c51245b1fe7","Mozilla/5.0 (Macintosh; Intel Mac OS X 10_15_7) AppleWebKit/537.36 (KHTML, like Gecko) Chrome/137.0.0.0 Safari/537.36","warning","production","main","MISS","lambda","/api/stores","fini-tn.vercel.app","fini-tn.vercel.app","dpl_8DDpLa7pKcnQ48Pryerc5N3kdnpq",-1,"iad1",-1,-1,"[RAG:processor] Processing document of type: analytics","prj_8i22mimp6RO1WTRkdRfuqTTiWDzD","","","01JZQS3KSS7M3XZK2HC6NXGMAH",""
"2025-07-09 14:23:19",1752070999908,"fini-tn.vercel.app/api/stores","GET","",-1,"2m45w-1752070999804-6c51245b1fe7","Mozilla/5.0 (Macintosh; Intel Mac OS X 10_15_7) AppleWebKit/537.36 (KHTML, like Gecko) Chrome/137.0.0.0 Safari/537.36","warning","production","main","MISS","lambda","/api/stores","fini-tn.vercel.app","fini-tn.vercel.app","dpl_8DDpLa7pKcnQ48Pryerc5N3kdnpq",-1,"iad1",-1,-1,"[RAG:embeddings] Generating 1 embeddings in batch","prj_8i22mimp6RO1WTRkdRfuqTTiWDzD","","","01JZQS3KSS7M3XZK2HC6NXGMAH",""
"2025-07-09 14:23:19",1752070999908,"fini-tn.vercel.app/api/stores","GET","",-1,"2m45w-1752070999804-6c51245b1fe7","Mozilla/5.0 (Macintosh; Intel Mac OS X 10_15_7) AppleWebKit/537.36 (KHTML, like Gecko) Chrome/137.0.0.0 Safari/537.36","warning","production","main","MISS","lambda","/api/stores","fini-tn.vercel.app","fini-tn.vercel.app","dpl_8DDpLa7pKcnQ48Pryerc5N3kdnpq",-1,"iad1",-1,-1,"[RAG:processor] Created 1 chunks from document","prj_8i22mimp6RO1WTRkdRfuqTTiWDzD","","","01JZQS3KSS7M3XZK2HC6NXGMAH",""
"2025-07-09 14:23:19",1752070999907,"fini-tn.vercel.app/api/stores","GET","",-1,"2m45w-1752070999804-6c51245b1fe7","Mozilla/5.0 (Macintosh; Intel Mac OS X 10_15_7) AppleWebKit/537.36 (KHTML, like Gecko) Chrome/137.0.0.0 Safari/537.36","warning","production","main","MISS","lambda","/api/stores","fini-tn.vercel.app","fini-tn.vercel.app","dpl_8DDpLa7pKcnQ48Pryerc5N3kdnpq",-1,"iad1",-1,-1,"[RAG:processor] Processing document of type: customers","prj_8i22mimp6RO1WTRkdRfuqTTiWDzD","","","01JZQS3KSS7M3XZK2HC6NXGMAH",""
"2025-07-09 14:23:19",1752070999907,"fini-tn.vercel.app/api/stores","GET","",-1,"2m45w-1752070999804-6c51245b1fe7","Mozilla/5.0 (Macintosh; Intel Mac OS X 10_15_7) AppleWebKit/537.36 (KHTML, like Gecko) Chrome/137.0.0.0 Safari/537.36","warning","production","main","MISS","lambda","/api/stores","fini-tn.vercel.app","fini-tn.vercel.app","dpl_8DDpLa7pKcnQ48Pryerc5N3kdnpq",-1,"iad1",-1,-1,"[RAG:embeddings] Generating 1 embeddings in batch","prj_8i22mimp6RO1WTRkdRfuqTTiWDzD","","","01JZQS3KSS7M3XZK2HC6NXGMAH",""
"2025-07-09 14:23:19",1752070999907,"fini-tn.vercel.app/api/stores","GET","",-1,"2m45w-1752070999804-6c51245b1fe7","Mozilla/5.0 (Macintosh; Intel Mac OS X 10_15_7) AppleWebKit/537.36 (KHTML, like Gecko) Chrome/137.0.0.0 Safari/537.36","warning","production","main","MISS","lambda","/api/stores","fini-tn.vercel.app","fini-tn.vercel.app","dpl_8DDpLa7pKcnQ48Pryerc5N3kdnpq",-1,"iad1",-1,-1,"[RAG:processor] Created 1 chunks from document","prj_8i22mimp6RO1WTRkdRfuqTTiWDzD","","","01JZQS3KSS7M3XZK2HC6NXGMAH",""
"2025-07-09 14:23:19",1752070999907,"fini-tn.vercel.app/api/stores","GET","",-1,"2m45w-1752070999804-6c51245b1fe7","Mozilla/5.0 (Macintosh; Intel Mac OS X 10_15_7) AppleWebKit/537.36 (KHTML, like Gecko) Chrome/137.0.0.0 Safari/537.36","warning","production","main","MISS","lambda","/api/stores","fini-tn.vercel.app","fini-tn.vercel.app","dpl_8DDpLa7pKcnQ48Pryerc5N3kdnpq",-1,"iad1",-1,-1,"[RAG:processor] Processing document of type: orders","prj_8i22mimp6RO1WTRkdRfuqTTiWDzD","","","01JZQS3KSS7M3XZK2HC6NXGMAH",""
"2025-07-09 14:23:19",1752070999907,"fini-tn.vercel.app/api/stores","GET","",-1,"2m45w-1752070999804-6c51245b1fe7","Mozilla/5.0 (Macintosh; Intel Mac OS X 10_15_7) AppleWebKit/537.36 (KHTML, like Gecko) Chrome/137.0.0.0 Safari/537.36","warning","production","main","MISS","lambda","/api/stores","fini-tn.vercel.app","fini-tn.vercel.app","dpl_8DDpLa7pKcnQ48Pryerc5N3kdnpq",-1,"iad1",-1,-1,"[RAG:embeddings] Generating 1 embeddings in batch","prj_8i22mimp6RO1WTRkdRfuqTTiWDzD","","","01JZQS3KSS7M3XZK2HC6NXGMAH",""
"2025-07-09 14:23:19",1752070999907,"fini-tn.vercel.app/api/stores","GET","",-1,"2m45w-1752070999804-6c51245b1fe7","Mozilla/5.0 (Macintosh; Intel Mac OS X 10_15_7) AppleWebKit/537.36 (KHTML, like Gecko) Chrome/137.0.0.0 Safari/537.36","warning","production","main","MISS","lambda","/api/stores","fini-tn.vercel.app","fini-tn.vercel.app","dpl_8DDpLa7pKcnQ48Pryerc5N3kdnpq",-1,"iad1",-1,-1,"[RAG:processor] Created 1 chunks from document","prj_8i22mimp6RO1WTRkdRfuqTTiWDzD","","","01JZQS3KSS7M3XZK2HC6NXGMAH",""
"2025-07-09 14:23:19",1752070999907,"fini-tn.vercel.app/api/stores","GET","",-1,"2m45w-1752070999804-6c51245b1fe7","Mozilla/5.0 (Macintosh; Intel Mac OS X 10_15_7) AppleWebKit/537.36 (KHTML, like Gecko) Chrome/137.0.0.0 Safari/537.36","warning","production","main","MISS","lambda","/api/stores","fini-tn.vercel.app","fini-tn.vercel.app","dpl_8DDpLa7pKcnQ48Pryerc5N3kdnpq",-1,"iad1",-1,-1,"[RAG:processor] Processing document of type: products","prj_8i22mimp6RO1WTRkdRfuqTTiWDzD","","","01JZQS3KSS7M3XZK2HC6NXGMAH",""
"2025-07-09 14:23:19",1752070999906,"fini-tn.vercel.app/api/stores","GET","",-1,"2m45w-1752070999804-6c51245b1fe7","Mozilla/5.0 (Macintosh; Intel Mac OS X 10_15_7) AppleWebKit/537.36 (KHTML, like Gecko) Chrome/137.0.0.0 Safari/537.36","warning","production","main","MISS","lambda","/api/stores","fini-tn.vercel.app","fini-tn.vercel.app","dpl_8DDpLa7pKcnQ48Pryerc5N3kdnpq",-1,"iad1",-1,-1,"[RAG:embeddings] Generating 1 embeddings in batch","prj_8i22mimp6RO1WTRkdRfuqTTiWDzD","","","01JZQS3KSS7M3XZK2HC6NXGMAH",""
"2025-07-09 14:23:19",1752070999906,"fini-tn.vercel.app/api/stores","GET","",-1,"2m45w-1752070999804-6c51245b1fe7","Mozilla/5.0 (Macintosh; Intel Mac OS X 10_15_7) AppleWebKit/537.36 (KHTML, like Gecko) Chrome/137.0.0.0 Safari/537.36","warning","production","main","MISS","lambda","/api/stores","fini-tn.vercel.app","fini-tn.vercel.app","dpl_8DDpLa7pKcnQ48Pryerc5N3kdnpq",-1,"iad1",-1,-1,"[RAG:processor] Created 1 chunks from document","prj_8i22mimp6RO1WTRkdRfuqTTiWDzD","","","01JZQS3KSS7M3XZK2HC6NXGMAH",""
"2025-07-09 14:23:19",1752070999905,"fini-tn.vercel.app/api/stores","GET","",-1,"2m45w-1752070999804-6c51245b1fe7","Mozilla/5.0 (Macintosh; Intel Mac OS X 10_15_7) AppleWebKit/537.36 (KHTML, like Gecko) Chrome/137.0.0.0 Safari/537.36","warning","production","main","MISS","lambda","/api/stores","fini-tn.vercel.app","fini-tn.vercel.app","dpl_8DDpLa7pKcnQ48Pryerc5N3kdnpq",-1,"iad1",-1,-1,"[RAG:processor] Processing document of type: store","prj_8i22mimp6RO1WTRkdRfuqTTiWDzD","","","01JZQS3KSS7M3XZK2HC6NXGMAH",""
"2025-07-09 14:23:19",1752070999898,"fini-tn.vercel.app/api/dashboard/stats","GET","",-1,"dhmt4-1752070999805-42dd2af53315","Mozilla/5.0 (Macintosh; Intel Mac OS X 10_15_7) AppleWebKit/537.36 (KHTML, like Gecko) Chrome/137.0.0.0 Safari/537.36","warning","production","main","MISS","lambda","/api/dashboard/stats","fini-tn.vercel.app","fini-tn.vercel.app","dpl_8DDpLa7pKcnQ48Pryerc5N3kdnpq",-1,"iad1",-1,-1,"Using the user object as returned from supabase.auth.getSession() or from some supabase.auth.onAuthStateChange() events could be insecure! This value comes directly from the storage medium (usually cookies on the server) and may not be authentic. Use supabase.auth.getUser() instead which authenticates the data by contacting the Supabase Auth server.","prj_8i22mimp6RO1WTRkdRfuqTTiWDzD","","","01JZQS3KSS7M3XZK2HC6PM6QY1",""
"2025-07-09 14:23:19",1752070999865,"fini-tn.vercel.app/api/stores","GET","",200,"2m45w-1752070999804-6c51245b1fe7","Mozilla/5.0 (Macintosh; Intel Mac OS X 10_15_7) AppleWebKit/537.36 (KHTML, like Gecko) Chrome/137.0.0.0 Safari/537.36","info","production","main","MISS","lambda","/api/stores","fini-tn.vercel.app","fini-tn.vercel.app","dpl_8DDpLa7pKcnQ48Pryerc5N3kdnpq",288,"iad1",108,2048,"","prj_8i22mimp6RO1WTRkdRfuqTTiWDzD","","","01JZQS3KSS7M3XZK2HC6NXGMAH","9ImX4tFIKDym"
"2025-07-09 14:23:19",1752070999865,"fini-tn.vercel.app/api/dashboard/stats","GET","",200,"dhmt4-1752070999805-42dd2af53315","Mozilla/5.0 (Macintosh; Intel Mac OS X 10_15_7) AppleWebKit/537.36 (KHTML, like Gecko) Chrome/137.0.0.0 Safari/537.36","info","production","main","MISS","lambda","/api/dashboard/stats","fini-tn.vercel.app","fini-tn.vercel.app","dpl_8DDpLa7pKcnQ48Pryerc5N3kdnpq",97,"iad1",131,2048,"","prj_8i22mimp6RO1WTRkdRfuqTTiWDzD","","","01JZQS3KSS7M3XZK2HC6PM6QY1","tDOS7Z6YzNdw"
"2025-07-09 14:23:19",1752070999846,"fini-tn.vercel.app/favicon.svg","GET","",200,"j2hww-1752070999777-b31446f0ade0","Mozilla/5.0 (Macintosh; Intel Mac OS X 10_15_7) AppleWebKit/537.36 (KHTML, like Gecko) Chrome/137.0.0.0 Safari/537.36","info","production","main","MISS","edge-middleware","/src/middleware","fini-tn.vercel.app","fini-tn.vercel.app","dpl_8DDpLa7pKcnQ48Pryerc5N3kdnpq",-1,"gru1",-1,-1,"","prj_8i22mimp6RO1WTRkdRfuqTTiWDzD","","","01JZQS3KS6CAGRZ45PWGJ2TVSK","0NQdcKh4ymEe"
"2025-07-09 14:23:19",1752070999100,"fini-tn.vercel.app/dashboard","GET","tab=configuration&success=store_reconnected&store_name=Finiaidemo&store_id=ce6e4e8d-c992-4a4f-b88f-6ef964c6cb2a&sync_status=pending&job_id=cleanup-ce6e4e8d-c992-4a4f-b88f-6ef964c6cb2a-1752009330583",-1,"tslps-1752070997619-9817e5d66bab","Mozilla/5.0 (Macintosh; Intel Mac OS X 10_15_7) AppleWebKit/537.36 (KHTML, like Gecko) Chrome/137.0.0.0 Safari/537.36","info","production","main","MISS","edge-middleware","/src/middleware","fini-tn.vercel.app","fini-tn.vercel.app","dpl_8DDpLa7pKcnQ48Pryerc5N3kdnpq",-1,"gru1",-1,-1,"","prj_8i22mimp6RO1WTRkdRfuqTTiWDzD","","","01JZQS3HKTV6NZC7BD0GPE11SZ",""
"2025-07-09 14:23:18",1752070998389,"fini-tn.vercel.app/dashboard","GET","tab=configuration&success=store_reconnected&store_name=Finiaidemo&store_id=ce6e4e8d-c992-4a4f-b88f-6ef964c6cb2a&sync_status=pending&job_id=cleanup-ce6e4e8d-c992-4a4f-b88f-6ef964c6cb2a-1752009330583",-1,"tslps-1752070997619-9817e5d66bab","Mozilla/5.0 (Macintosh; Intel Mac OS X 10_15_7) AppleWebKit/537.36 (KHTML, like Gecko) Chrome/137.0.0.0 Safari/537.36","warning","production","main","MISS","edge-middleware","/src/middleware","fini-tn.vercel.app","fini-tn.vercel.app","dpl_8DDpLa7pKcnQ48Pryerc5N3kdnpq",-1,"gru1",-1,-1,"Using the user object as returned from supabase.auth.getSession() or from some supabase.auth.onAuthStateChange() events could be insecure! This value comes directly from the storage medium (usually cookies on the server) and may not be authentic. Use supabase.auth.getUser() instead which authenticates the data by contacting the Supabase Auth server.","prj_8i22mimp6RO1WTRkdRfuqTTiWDzD","","","01JZQS3HKTV6NZC7BD0GPE11SZ",""
"2025-07-09 14:23:17",1752070997626,"fini-tn.vercel.app/dashboard","GET","tab=configuration&success=store_reconnected&store_name=Finiaidemo&store_id=ce6e4e8d-c992-4a4f-b88f-6ef964c6cb2a&sync_status=pending&job_id=cleanup-ce6e4e8d-c992-4a4f-b88f-6ef964c6cb2a-1752009330583",200,"tslps-1752070997619-9817e5d66bab","Mozilla/5.0 (Macintosh; Intel Mac OS X 10_15_7) AppleWebKit/537.36 (KHTML, like Gecko) Chrome/137.0.0.0 Safari/537.36","info","production","main","MISS","edge-middleware","/src/middleware","fini-tn.vercel.app","fini-tn.vercel.app","dpl_8DDpLa7pKcnQ48Pryerc5N3kdnpq",-1,"gru1",-1,-1,"","prj_8i22mimp6RO1WTRkdRfuqTTiWDzD","","","01JZQS3HKTV6NZC7BD0GPE11SZ","0NQdcKh4ymEe"
"2025-07-09 14:23:13",1752070993589,"fini-tn.vercel.app/api/stores/ce6e4e8d-c992-4a4f-b88f-6ef964c6cb2a/sync-rag","POST","",200,"d6qfv-1752070993154-d3f082b6fb85","Mozilla/5.0 (Macintosh; Intel Mac OS X 10_15_7) AppleWebKit/537.36 (KHTML, like Gecko) Chrome/137.0.0.0 Safari/537.36","info","production","main","MISS","lambda","/api/stores/[id]/sync-rag","fini-tn.vercel.app","fini-tn.vercel.app","dpl_8DDpLa7pKcnQ48Pryerc5N3kdnpq",152,"iad1",155,2048,"","prj_8i22mimp6RO1WTRkdRfuqTTiWDzD","","","01JZQS3DNNFT74H8WVSW0T4KY2","9ImX4tFIKDym"
"2025-07-09 14:23:12",1752070992287,"fini-tn.vercel.app/api/dashboard/stats","GET","",-1,"bhfr4-1752070991244-0b85edfab847","Mozilla/5.0 (Macintosh; Intel Mac OS X 10_15_7) AppleWebKit/537.36 (KHTML, like Gecko) Chrome/137.0.0.0 Safari/537.36","warning","production","main","MISS","lambda","/api/dashboard/stats","fini-tn.vercel.app","fini-tn.vercel.app","dpl_8DDpLa7pKcnQ48Pryerc5N3kdnpq",-1,"iad1",-1,-1,"Using the user object as returned from supabase.auth.getSession() or from some supabase.auth.onAuthStateChange() events could be insecure! This value comes directly from the storage medium (usually cookies on the server) and may not be authentic. Use supabase.auth.getUser() instead which authenticates the data by contacting the Supabase Auth server.","prj_8i22mimp6RO1WTRkdRfuqTTiWDzD","","","01JZQS3BTS1D44ZWD2DQ9MZ0DE",""
"2025-07-09 14:23:12",1752070992244,"fini-tn.vercel.app/api/conversations","GET","",-1,"6mvsz-1752070991244-193b116b55df","Mozilla/5.0 (Macintosh; Intel Mac OS X 10_15_7) AppleWebKit/537.36 (KHTML, like Gecko) Chrome/137.0.0.0 Safari/537.36","info","production","main","MISS","lambda","/api/conversations","fini-tn.vercel.app","fini-tn.vercel.app","dpl_8DDpLa7pKcnQ48Pryerc5N3kdnpq",-1,"iad1",-1,-1,"Warning: NODE_ENV was incorrectly set to ""development"", this value is being overridden to ""production""","prj_8i22mimp6RO1WTRkdRfuqTTiWDzD","","","01JZQS3BMZYXSA3R1MMKNQ6F02",""
"2025-07-09 14:23:12",1752070992193,"fini-tn.vercel.app/api/stores","GET","",-1,"29wcj-1752070991244-a5152283a477","Mozilla/5.0 (Macintosh; Intel Mac OS X 10_15_7) AppleWebKit/537.36 (KHTML, like Gecko) Chrome/137.0.0.0 Safari/537.36","info","production","main","MISS","lambda","/api/stores","fini-tn.vercel.app","fini-tn.vercel.app","dpl_8DDpLa7pKcnQ48Pryerc5N3kdnpq",-1,"iad1",-1,-1,"Warning: NODE_ENV was incorrectly set to ""development"", this value is being overridden to ""production""","prj_8i22mimp6RO1WTRkdRfuqTTiWDzD","","","01JZQS3BTCDX95MSG2AFEM55MT",""
"2025-07-09 14:23:12",1752070992174,"fini-tn.vercel.app/api/dashboard/stats","GET","",-1,"bhfr4-1752070991244-0b85edfab847","Mozilla/5.0 (Macintosh; Intel Mac OS X 10_15_7) AppleWebKit/537.36 (KHTML, like Gecko) Chrome/137.0.0.0 Safari/537.36","info","production","main","MISS","lambda","/api/dashboard/stats","fini-tn.vercel.app","fini-tn.vercel.app","dpl_8DDpLa7pKcnQ48Pryerc5N3kdnpq",-1,"iad1",-1,-1,"Warning: NODE_ENV was incorrectly set to ""development"", this value is being overridden to ""production""","prj_8i22mimp6RO1WTRkdRfuqTTiWDzD","","","01JZQS3BTS1D44ZWD2DQ9MZ0DE",""
"2025-07-09 14:23:11",1752070991705,"fini-tn.vercel.app/api/dashboard/stats","GET","",200,"bhfr4-1752070991244-0b85edfab847","Mozilla/5.0 (Macintosh; Intel Mac OS X 10_15_7) AppleWebKit/537.36 (KHTML, like Gecko) Chrome/137.0.0.0 Safari/537.36","info","production","main","MISS","lambda","/api/dashboard/stats","fini-tn.vercel.app","fini-tn.vercel.app","dpl_8DDpLa7pKcnQ48Pryerc5N3kdnpq",719,"iad1",124,2048,"","prj_8i22mimp6RO1WTRkdRfuqTTiWDzD","","","01JZQS3BTS1D44ZWD2DQ9MZ0DE","TG6liQoJzmuM"
"2025-07-09 14:23:11",1752070991692,"fini-tn.vercel.app/api/stores","GET","",200,"29wcj-1752070991244-a5152283a477","Mozilla/5.0 (Macintosh; Intel Mac OS X 10_15_7) AppleWebKit/537.36 (KHTML, like Gecko) Chrome/137.0.0.0 Safari/537.36","info","production","main","MISS","lambda","/api/stores","fini-tn.vercel.app","fini-tn.vercel.app","dpl_8DDpLa7pKcnQ48Pryerc5N3kdnpq",870,"iad1",131,2048,"","prj_8i22mimp6RO1WTRkdRfuqTTiWDzD","","","01JZQS3BTCDX95MSG2AFEM55MT","tDOS7Z6YzNdw"
"2025-07-09 14:23:11",1752070991519,"fini-tn.vercel.app/api/conversations","GET","",200,"6mvsz-1752070991244-193b116b55df","Mozilla/5.0 (Macintosh; Intel Mac OS X 10_15_7) AppleWebKit/537.36 (KHTML, like Gecko) Chrome/137.0.0.0 Safari/537.36","info","production","main","MISS","lambda","/api/conversations","fini-tn.vercel.app","fini-tn.vercel.app","dpl_8DDpLa7pKcnQ48Pryerc5N3kdnpq",1119,"iad1",155,2048,"","prj_8i22mimp6RO1WTRkdRfuqTTiWDzD","","","01JZQS3BMZYXSA3R1MMKNQ6F02","9ImX4tFIKDym"
